"Date","Price","Open","High","Low","Change %"
"Jun 30, 2020","1.7282","1.7140","1.7285","1.7111","0.83%"
"Jun 29, 2020","1.7139","1.7177","1.7256","1.7084","-0.29%"
"Jun 26, 2020","1.7189","1.7284","1.7305","1.7168","-0.52%"
"Jun 25, 2020","1.7278","1.7304","1.7345","1.7253","-0.14%"
"Jun 24, 2020","1.7304","1.7416","1.7428","1.7280","-0.65%"
"Jun 23, 2020","1.7416","1.7355","1.7425","1.7307","0.36%"
"Jun 22, 2020","1.7354","1.7268","1.7373","1.7239","0.49%"
"Jun 19, 2020","1.7270","1.7322","1.7354","1.7230","-0.29%"
"Jun 18, 2020","1.7320","1.7494","1.7514","1.7281","-0.99%"
"Jun 17, 2020","1.7494","1.7543","1.7556","1.7443","-0.28%"
"Jun 16, 2020","1.7543","1.7535","1.7624","1.7510","0.05%"
"Jun 15, 2020","1.7534","1.7448","1.7539","1.7393","0.40%"
"Jun 12, 2020","1.7464","1.7553","1.7576","1.7396","-0.53%"
"Jun 11, 2020","1.7557","1.7632","1.7645","1.7527","-0.44%"
"Jun 10, 2020","1.7635","1.7682","1.7718","1.7615","-0.25%"
"Jun 09, 2020","1.7679","1.7658","1.7701","1.7579","0.11%"
"Jun 08, 2020","1.7659","1.7672","1.7722","1.7574","0.06%"
"Jun 05, 2020","1.7649","1.7612","1.7737","1.7559","0.21%"
"Jun 04, 2020","1.7612","1.7578","1.7644","1.7523","0.19%"
"Jun 03, 2020","1.7579","1.7572","1.7622","1.7547","0.01%"
"Jun 02, 2020","1.7577","1.7597","1.7647","1.7538","-0.06%"
"Jun 01, 2020","1.7587","1.7420","1.7603","1.7397","0.90%"
"May 29, 2020","1.7429","1.7464","1.7510","1.7354","-0.19%"
"May 28, 2020","1.7463","1.7417","1.7486","1.7372","0.34%"
"May 27, 2020","1.7404","1.7467","1.7498","1.7343","-0.37%"
"May 26, 2020","1.7469","1.7367","1.7512","1.7341","0.58%"
"May 25, 2020","1.7368","1.7354","1.7385","1.7340","0.11%"
"May 22, 2020","1.7349","1.7329","1.7406","1.7303","0.13%"
"May 21, 2020","1.7327","1.7297","1.7362","1.7242","0.18%"
"May 20, 2020","1.7296","1.7357","1.7399","1.7275","-0.33%"
"May 19, 2020","1.7353","1.7292","1.7401","1.7278","0.34%"
"May 18, 2020","1.7294","1.7251","1.7355","1.7223","0.08%"
"May 15, 2020","1.7281","1.7406","1.7420","1.7271","-0.72%"
"May 14, 2020","1.7407","1.7368","1.7421","1.7314","0.22%"
"May 13, 2020","1.7368","1.7385","1.7455","1.7329","-0.10%"
"May 12, 2020","1.7386","1.7487","1.7509","1.7379","-0.55%"
"May 11, 2020","1.7483","1.7529","1.7572","1.7410","-0.29%"
"May 08, 2020","1.7534","1.7493","1.7598","1.7464","0.29%"
"May 07, 2020","1.7482","1.7534","1.7612","1.7400","-0.32%"
"May 06, 2020","1.7537","1.7605","1.7639","1.7525","-0.38%"
"May 05, 2020","1.7605","1.7629","1.7662","1.7593","-0.14%"
"May 04, 2020","1.7630","1.7698","1.7707","1.7564","-0.38%"
"May 01, 2020","1.7698","1.7778","1.7786","1.7677","-0.41%"
"Apr 30, 2020","1.7771","1.7603","1.7796","1.7543","0.95%"
"Apr 29, 2020","1.7605","1.7609","1.7665","1.7524","-0.02%"
"Apr 28, 2020","1.7608","1.7635","1.7727","1.7595","-0.14%"
"Apr 27, 2020","1.7632","1.7621","1.7685","1.7591","0.07%"
"Apr 24, 2020","1.7620","1.7581","1.7629","1.7530","0.13%"
"Apr 23, 2020","1.7598","1.7601","1.7651","1.7536","-0.02%"
"Apr 22, 2020","1.7601","1.7605","1.7662","1.7550","-0.02%"
"Apr 21, 2020","1.7605","1.7675","1.7718","1.7523","-0.40%"
"Apr 20, 2020","1.7675","1.7758","1.7794","1.7657","-0.57%"
"Apr 17, 2020","1.7776","1.7785","1.7832","1.7687","-0.07%"
"Apr 16, 2020","1.7788","1.7816","1.7867","1.7737","-0.17%"
"Apr 15, 2020","1.7819","1.7851","1.7874","1.7730","-0.15%"
"Apr 14, 2020","1.7845","1.7706","1.7886","1.7697","0.76%"
"Apr 13, 2020","1.7710","1.7617","1.7744","1.7599","0.61%"
"Apr 10, 2020","1.7603","1.7650","1.7695","1.7594","-0.25%"
"Apr 09, 2020","1.7649","1.7654","1.7725","1.7623","-0.05%"
"Apr 08, 2020","1.7658","1.7566","1.7709","1.7543","0.58%"
"Apr 07, 2020","1.7555","1.7521","1.7624","1.7426","0.20%"
"Apr 06, 2020","1.7520","1.7644","1.7677","1.7504","-0.69%"
"Apr 03, 2020","1.7641","1.7731","1.7776","1.7587","-0.49%"
"Apr 02, 2020","1.7727","1.7778","1.7872","1.7682","-0.28%"
"Apr 01, 2020","1.7777","1.7658","1.7845","1.7600","0.68%"
"Mar 31, 2020","1.7658","1.7680","1.7737","1.7463","-0.13%"
"Mar 30, 2020","1.7680","1.7745","1.7808","1.7583","-0.55%"
"Mar 27, 2020","1.7778","1.7464","1.7819","1.7362","1.78%"
"Mar 26, 2020","1.7466","1.7198","1.7501","1.7069","1.56%"
"Mar 25, 2020","1.7198","1.7009","1.7308","1.6885","1.12%"
"Mar 24, 2020","1.7007","1.6858","1.7072","1.6803","0.87%"
"Mar 23, 2020","1.6860","1.6904","1.7064","1.6715","-0.10%"
"Mar 20, 2020","1.6877","1.6686","1.7251","1.6558","1.14%"
"Mar 19, 2020","1.6687","1.6759","1.7048","1.6582","-0.42%"
"Mar 18, 2020","1.6757","1.7219","1.7338","1.6573","-2.71%"
"Mar 17, 2020","1.7223","1.7429","1.7461","1.7155","-1.19%"
"Mar 16, 2020","1.7431","1.7385","1.7589","1.7300","0.36%"
"Mar 13, 2020","1.7369","1.7745","1.7783","1.7356","-2.13%"
"Mar 12, 2020","1.7747","1.7887","1.7974","1.7614","-0.80%"
"Mar 11, 2020","1.7890","1.7958","1.8051","1.7845","-0.41%"
"Mar 10, 2020","1.7963","1.8175","1.8186","1.7927","-1.18%"
"Mar 09, 2020","1.8178","1.7982","1.8296","1.7960","1.06%"
"Mar 06, 2020","1.7987","1.7915","1.8000","1.7897","0.31%"
"Mar 05, 2020","1.7931","1.7825","1.7967","1.7794","0.60%"
"Mar 04, 2020","1.7824","1.7780","1.7833","1.7675","0.21%"
"Mar 03, 2020","1.7787","1.7736","1.7860","1.7716","0.32%"
"Mar 02, 2020","1.7731","1.7857","1.7882","1.7704","-0.75%"
"Feb 28, 2020","1.7865","1.7981","1.8035","1.7758","-0.62%"
"Feb 27, 2020","1.7977","1.8034","1.8078","1.7939","-0.32%"
"Feb 26, 2020","1.8035","1.8192","1.8218","1.8024","-0.86%"
"Feb 25, 2020","1.8192","1.8098","1.8214","1.8043","0.57%"
"Feb 24, 2020","1.8089","1.8130","1.8183","1.8062","-0.28%"
"Feb 21, 2020","1.8140","1.8049","1.8154","1.8032","0.50%"
"Feb 20, 2020","1.8049","1.8025","1.8191","1.7998","0.17%"
"Feb 19, 2020","1.8019","1.8102","1.8126","1.8003","-0.46%"
"Feb 18, 2020","1.8103","1.8067","1.8169","1.8054","0.17%"
"Feb 17, 2020","1.8072","1.8139","1.8173","1.8054","-0.48%"
"Feb 14, 2020","1.8160","1.8130","1.8180","1.8097","0.18%"
"Feb 13, 2020","1.8127","1.7967","1.8155","1.7958","0.88%"
"Feb 12, 2020","1.7969","1.7954","1.8008","1.7945","0.07%"
"Feb 11, 2020","1.7957","1.7947","1.7987","1.7897","0.06%"
"Feb 10, 2020","1.7947","1.7920","1.7991","1.7874","0.19%"
"Feb 07, 2020","1.7913","1.7917","1.8023","1.7894","-0.03%"
"Feb 06, 2020","1.7918","1.7962","1.8011","1.7902","-0.24%"
"Feb 05, 2020","1.7962","1.7853","1.8049","1.7848","0.60%"
"Feb 04, 2020","1.7854","1.7788","1.7883","1.7749","0.37%"
"Feb 03, 2020","1.7789","1.8036","1.8036","1.7774","-1.28%"
"Jan 31, 2020","1.8020","1.7833","1.8032","1.7815","1.05%"
"Jan 30, 2020","1.7833","1.7717","1.7876","1.7686","0.65%"
"Jan 29, 2020","1.7718","1.7691","1.7729","1.7660","0.16%"
"Jan 28, 2020","1.7690","1.7721","1.7747","1.7628","-0.20%"
"Jan 27, 2020","1.7725","1.7677","1.7779","1.7669","0.27%"
"Jan 24, 2020","1.7678","1.7743","1.7795","1.7650","-0.32%"
"Jan 23, 2020","1.7734","1.7721","1.7747","1.7692","0.06%"
"Jan 22, 2020","1.7724","1.7614","1.7743","1.7593","0.61%"
"Jan 21, 2020","1.7616","1.7524","1.7651","1.7504","0.54%"
"Jan 20, 2020","1.7522","1.7515","1.7535","1.7470","-0.05%"
"Jan 17, 2020","1.7530","1.7622","1.7656","1.7522","-0.51%"
"Jan 16, 2020","1.7619","1.7553","1.7628","1.7539","0.39%"
"Jan 15, 2020","1.7550","1.7534","1.7573","1.7496","0.09%"
"Jan 14, 2020","1.7534","1.7489","1.7555","1.7454","0.26%"
"Jan 13, 2020","1.7489","1.7612","1.7624","1.7459","-0.72%"
"Jan 10, 2020","1.7615","1.7661","1.7672","1.7587","-0.26%"
"Jan 09, 2020","1.7661","1.7699","1.7723","1.7588","-0.22%"
"Jan 08, 2020","1.7700","1.7719","1.7785","1.7668","-0.10%"
"Jan 07, 2020","1.7718","1.7768","1.7813","1.7686","-0.28%"
"Jan 06, 2020","1.7768","1.7651","1.7781","1.7618","0.58%"
"Jan 03, 2020","1.7666","1.7699","1.7731","1.7626","-0.25%"
"Jan 02, 2020","1.7711","1.7827","1.7853","1.7674","-0.64%"
"Jan 01, 2020","1.7825","1.7830","1.7870","1.7812","-0.12%"
"Dec 31, 2019","1.7846","1.7696","1.7870","1.7653","0.89%"
"Dec 30, 2019","1.7688","1.7662","1.7739","1.7655","0.03%"
"Dec 27, 2019","1.7682","1.7598","1.7743","1.7562","0.50%"
"Dec 26, 2019","1.7594","1.7563","1.7626","1.7547","0.17%"
"Dec 25, 2019","1.7565","1.7549","1.7599","1.7506","0.10%"
"Dec 24, 2019","1.7547","1.7536","1.7580","1.7499","0.06%"
"Dec 23, 2019","1.7537","1.7611","1.7678","1.7503","-0.49%"
"Dec 20, 2019","1.7623","1.7634","1.7727","1.7580","-0.05%"
"Dec 19, 2019","1.7632","1.7727","1.7804","1.7603","-0.52%"
"Dec 18, 2019","1.7725","1.7789","1.7810","1.7702","-0.37%"
"Dec 17, 2019","1.7791","1.8056","1.8075","1.7743","-1.48%"
"Dec 16, 2019","1.8059","1.8055","1.8200","1.8047","0.09%"
"Dec 13, 2019","1.8042","1.7834","1.8296","1.7822","1.18%"
"Dec 12, 2019","1.7832","1.7918","1.7952","1.7704","-0.42%"
"Dec 11, 2019","1.7907","1.7869","1.7936","1.7803","0.21%"
"Dec 10, 2019","1.7870","1.7874","1.7955","1.7854","0.00%"
"Dec 09, 2019","1.7870","1.7880","1.7929","1.7846","-0.03%"
"Dec 06, 2019","1.7875","1.7895","1.7916","1.7830","-0.12%"
"Dec 05, 2019","1.7897","1.7869","1.7924","1.7848","0.18%"
"Dec 04, 2019","1.7864","1.7721","1.7876","1.7716","0.78%"
"Dec 03, 2019","1.7725","1.7676","1.7768","1.7656","0.30%"
"Dec 02, 2019","1.7672","1.7664","1.7709","1.7637","-0.10%"
"Nov 29, 2019","1.7689","1.7634","1.7712","1.7598","0.29%"
"Nov 28, 2019","1.7637","1.7643","1.7696","1.7618","-0.02%"
"Nov 27, 2019","1.7640","1.7550","1.7644","1.7518","0.52%"
"Nov 26, 2019","1.7549","1.7609","1.7621","1.7528","-0.32%"
"Nov 25, 2019","1.7606","1.7501","1.7632","1.7501","0.56%"
"Nov 22, 2019","1.7508","1.7608","1.7624","1.7496","-0.55%"
"Nov 21, 2019","1.7605","1.7602","1.7658","1.7573","-0.01%"
"Nov 20, 2019","1.7606","1.7589","1.7616","1.7546","0.09%"
"Nov 19, 2019","1.7591","1.7628","1.7658","1.7575","-0.19%"
"Nov 18, 2019","1.7625","1.7550","1.7667","1.7545","0.42%"
"Nov 15, 2019","1.7552","1.7546","1.7585","1.7512","0.04%"
"Nov 14, 2019","1.7545","1.7513","1.7566","1.7477","0.18%"
"Nov 13, 2019","1.7514","1.7501","1.7529","1.7467","0.09%"
"Nov 12, 2019","1.7498","1.7491","1.7531","1.7440","0.03%"
"Nov 11, 2019","1.7493","1.7366","1.7554","1.7366","0.75%"
"Nov 08, 2019","1.7363","1.7393","1.7449","1.7363","-0.17%"
"Nov 07, 2019","1.7393","1.7482","1.7497","1.7365","-0.53%"
"Nov 06, 2019","1.7485","1.7505","1.7522","1.7470","-0.10%"
"Nov 05, 2019","1.7503","1.7511","1.7530","1.7469","-0.03%"
"Nov 04, 2019","1.7509","1.7571","1.7582","1.7488","-0.31%"
"Nov 01, 2019","1.7564","1.7607","1.7632","1.7544","-0.24%"
"Oct 31, 2019","1.7607","1.7569","1.7651","1.7555","0.18%"
"Oct 30, 2019","1.7575","1.7535","1.7587","1.7512","0.26%"
"Oct 29, 2019","1.7529","1.7524","1.7580","1.7456","0.03%"
"Oct 28, 2019","1.7524","1.7483","1.7542","1.7458","0.24%"
"Oct 25, 2019","1.7482","1.7528","1.7537","1.7456","-0.25%"
"Oct 24, 2019","1.7526","1.7596","1.7641","1.7444","-0.41%"
"Oct 23, 2019","1.7598","1.7539","1.7607","1.7502","0.32%"
"Oct 22, 2019","1.7541","1.7642","1.7704","1.7532","-0.56%"
"Oct 21, 2019","1.7639","1.7636","1.7711","1.7558","-0.34%"
"Oct 18, 2019","1.7699","1.7589","1.7714","1.7517","0.62%"
"Oct 17, 2019","1.7590","1.7578","1.7714","1.7421","0.06%"
"Oct 16, 2019","1.7580","1.7526","1.7650","1.7372","0.29%"
"Oct 15, 2019","1.7529","1.7269","1.7546","1.7243","1.53%"
"Oct 14, 2019","1.7264","1.7366","1.7379","1.7141","-0.57%"
"Oct 11, 2019","1.7363","1.7111","1.7450","1.7050","1.49%"
"Oct 10, 2019","1.7108","1.6860","1.7151","1.6824","1.51%"
"Oct 09, 2019","1.6854","1.6894","1.6970","1.6840","-0.24%"
"Oct 08, 2019","1.6894","1.6972","1.6985","1.6846","-0.48%"
"Oct 07, 2019","1.6976","1.6994","1.7034","1.6940","-0.15%"
"Oct 04, 2019","1.7002","1.7030","1.7053","1.6926","-0.14%"
"Oct 03, 2019","1.7026","1.7028","1.7132","1.6962","-0.01%"
"Oct 02, 2019","1.7027","1.7046","1.7067","1.6941","-0.10%"
"Oct 01, 2019","1.7044","1.6983","1.7091","1.6931","0.34%"
"Sep 30, 2019","1.6987","1.6976","1.7066","1.6963","0.05%"
"Sep 27, 2019","1.6979","1.7038","1.7058","1.6961","-0.32%"
"Sep 26, 2019","1.7033","1.7028","1.7089","1.6995","0.02%"
"Sep 25, 2019","1.7030","1.7182","1.7195","1.7021","-0.90%"
"Sep 24, 2019","1.7185","1.7130","1.7206","1.7097","0.32%"
"Sep 23, 2019","1.7131","1.7175","1.7198","1.7104","-0.33%"
"Sep 20, 2019","1.7188","1.7270","1.7299","1.7147","-0.45%"
"Sep 19, 2019","1.7266","1.7166","1.7310","1.7139","0.59%"
"Sep 18, 2019","1.7165","1.7181","1.7212","1.7096","-0.08%"
"Sep 17, 2019","1.7178","1.7092","1.7214","1.7056","0.49%"
"Sep 16, 2019","1.7094","1.7174","1.7197","1.7057","-0.44%"
"Sep 13, 2019","1.7169","1.6963","1.7182","1.6942","1.23%"
"Sep 12, 2019","1.6961","1.7001","1.7020","1.6906","-0.25%"
"Sep 11, 2019","1.7003","1.7033","1.7066","1.6974","-0.22%"
"Sep 10, 2019","1.7041","1.7033","1.7086","1.6975","0.05%"
"Sep 09, 2019","1.7033","1.7004","1.7088","1.6893","0.40%"
"Sep 06, 2019","1.6965","1.7067","1.7086","1.6950","-0.60%"
"Sep 05, 2019","1.7068","1.6961","1.7094","1.6910","0.62%"
"Sep 04, 2019","1.6962","1.6805","1.6971","1.6788","0.93%"
"Sep 03, 2019","1.6805","1.6791","1.6840","1.6662","0.09%"
"Sep 02, 2019","1.6790","1.6849","1.6916","1.6736","-0.44%"
"Aug 30, 2019","1.6865","1.6903","1.6963","1.6857","-0.30%"
"Aug 29, 2019","1.6915","1.6957","1.6973","1.6892","-0.25%"
"Aug 28, 2019","1.6958","1.7075","1.7082","1.6889","-0.68%"
"Aug 27, 2019","1.7074","1.6965","1.7091","1.6947","0.64%"
"Aug 26, 2019","1.6966","1.7002","1.7093","1.6945","-0.38%"
"Aug 23, 2019","1.7031","1.6974","1.7054","1.6908","0.32%"
"Aug 22, 2019","1.6976","1.6788","1.7019","1.6771","1.12%"
"Aug 21, 2019","1.6788","1.6851","1.6864","1.6748","-0.39%"
"Aug 20, 2019","1.6854","1.6815","1.6872","1.6721","0.23%"
"Aug 19, 2019","1.6816","1.6822","1.6857","1.6761","-0.04%"
"Aug 16, 2019","1.6823","1.6787","1.6886","1.6759","0.21%"
"Aug 15, 2019","1.6787","1.6766","1.6883","1.6725","0.13%"
"Aug 14, 2019","1.6765","1.6683","1.6787","1.6669","0.49%"
"Aug 13, 2019","1.6683","1.6747","1.6807","1.6666","-0.38%"
"Aug 12, 2019","1.6747","1.6674","1.6797","1.6655","0.46%"
"Aug 09, 2019","1.6671","1.6758","1.6812","1.6645","-0.57%"
"Aug 08, 2019","1.6766","1.6785","1.6841","1.6738","-0.13%"
"Aug 07, 2019","1.6787","1.6811","1.6863","1.6761","-0.15%"
"Aug 06, 2019","1.6812","1.6816","1.6878","1.6766","-0.01%"
"Aug 05, 2019","1.6813","1.6734","1.6831","1.6699","0.46%"
"Aug 02, 2019","1.6736","1.6708","1.6757","1.6625","0.18%"
"Aug 01, 2019","1.6706","1.6708","1.6745","1.6607","0.00%"
"Jul 31, 2019","1.6706","1.6657","1.6769","1.6639","0.34%"
"Jul 30, 2019","1.6650","1.6745","1.6758","1.6597","-0.56%"
"Jul 29, 2019","1.6743","1.6967","1.6977","1.6736","-1.30%"
"Jul 26, 2019","1.6963","1.7037","1.7046","1.6953","-0.44%"
"Jul 25, 2019","1.7038","1.7034","1.7083","1.7008","0.02%"
"Jul 24, 2019","1.7035","1.6982","1.7074","1.6959","0.29%"
"Jul 23, 2019","1.6985","1.6975","1.7024","1.6934","0.04%"
"Jul 22, 2019","1.6979","1.7012","1.7033","1.6945","-0.16%"
"Jul 19, 2019","1.7007","1.7022","1.7049","1.6983","-0.12%"
"Jul 18, 2019","1.7028","1.6924","1.7049","1.6898","0.63%"
"Jul 17, 2019","1.6921","1.6849","1.6947","1.6845","0.38%"
"Jul 16, 2019","1.6857","1.6981","1.6989","1.6837","-0.68%"
"Jul 15, 2019","1.6973","1.7065","1.7091","1.6967","-0.59%"
"Jul 12, 2019","1.7074","1.6995","1.7086","1.6981","0.48%"
"Jul 11, 2019","1.6992","1.6977","1.7040","1.6961","0.07%"
"Jul 10, 2019","1.6980","1.6982","1.7016","1.6947","-0.01%"
"Jul 09, 2019","1.6981","1.7015","1.7037","1.6931","-0.20%"
"Jul 08, 2019","1.7015","1.7013","1.7065","1.6985","-0.08%"
"Jul 05, 2019","1.7029","1.7060","1.7082","1.6995","-0.17%"
"Jul 04, 2019","1.7058","1.7052","1.7074","1.7035","0.05%"
"Jul 03, 2019","1.7050","1.7078","1.7092","1.7026","-0.15%"
"Jul 02, 2019","1.7076","1.7127","1.7161","1.7069","-0.34%"
"Jul 01, 2019","1.7134","1.7171","1.7205","1.7103","-0.23%"
"Jun 28, 2019","1.7173","1.7161","1.7239","1.7133","0.09%"
"Jun 27, 2019","1.7158","1.7191","1.7239","1.7130","-0.19%"
"Jun 26, 2019","1.7191","1.7187","1.7210","1.7144","0.00%"
"Jun 25, 2019","1.7191","1.7249","1.7298","1.7176","-0.32%"
"Jun 24, 2019","1.7246","1.7254","1.7284","1.7209","-0.13%"
"Jun 21, 2019","1.7268","1.7226","1.7288","1.7167","0.25%"
"Jun 20, 2019","1.7225","1.7232","1.7280","1.7186","-0.02%"
"Jun 19, 2019","1.7229","1.7161","1.7276","1.7150","0.38%"
"Jun 18, 2019","1.7163","1.7185","1.7209","1.7122","-0.12%"
"Jun 17, 2019","1.7183","1.7283","1.7283","1.7178","-0.47%"
"Jun 14, 2019","1.7264","1.7322","1.7350","1.7251","-0.34%"
"Jun 13, 2019","1.7323","1.7342","1.7361","1.7293","-0.11%"
"Jun 12, 2019","1.7342","1.7352","1.7412","1.7311","-0.07%"
"Jun 11, 2019","1.7354","1.7328","1.7375","1.7299","0.14%"
"Jun 10, 2019","1.7329","1.7313","1.7398","1.7301","-0.13%"
"Jun 07, 2019","1.7352","1.7328","1.7406","1.7311","0.14%"
"Jun 06, 2019","1.7327","1.7333","1.7369","1.7297","-0.05%"
"Jun 05, 2019","1.7336","1.7347","1.7384","1.7310","-0.07%"
"Jun 04, 2019","1.7349","1.7308","1.7380","1.7293","0.24%"
"Jun 03, 2019","1.7308","1.7352","1.7390","1.7266","-0.29%"
"May 31, 2019","1.7358","1.7390","1.7425","1.7324","-0.16%"
"May 30, 2019","1.7386","1.7440","1.7457","1.7358","-0.30%"
"May 29, 2019","1.7439","1.7460","1.7513","1.7429","-0.10%"
"May 28, 2019","1.7456","1.7436","1.7488","1.7427","0.11%"
"May 27, 2019","1.7437","1.7507","1.7539","1.7412","-0.29%"
"May 24, 2019","1.7487","1.7461","1.7513","1.7406","0.16%"
"May 23, 2019","1.7459","1.7470","1.7507","1.7412","-0.03%"
"May 22, 2019","1.7465","1.7496","1.7561","1.7406","-0.18%"
"May 21, 2019","1.7496","1.7517","1.7638","1.7483","-0.13%"
"May 20, 2019","1.7519","1.7522","1.7566","1.7493","-0.02%"
"May 17, 2019","1.7523","1.7564","1.7604","1.7512","-0.24%"
"May 16, 2019","1.7565","1.7573","1.7599","1.7517","-0.11%"
"May 15, 2019","1.7585","1.7668","1.7693","1.7560","-0.46%"
"May 14, 2019","1.7666","1.7753","1.7779","1.7656","-0.50%"
"May 13, 2019","1.7755","1.7714","1.7856","1.7708","0.21%"
"May 10, 2019","1.7717","1.7757","1.7786","1.7698","-0.16%"
"May 09, 2019","1.7746","1.7721","1.7791","1.7691","0.12%"
"May 08, 2019","1.7724","1.7821","1.7834","1.7691","-0.54%"
"May 07, 2019","1.7820","1.7853","1.7893","1.7773","-0.19%"
"May 06, 2019","1.7854","1.7842","1.7968","1.7829","-0.39%"
"May 03, 2019","1.7924","1.7768","1.7929","1.7715","0.92%"
"May 02, 2019","1.7761","1.7771","1.7804","1.7733","-0.04%"
"May 01, 2019","1.7768","1.7729","1.7790","1.7709","0.20%"
"Apr 30, 2019","1.7732","1.7616","1.7765","1.7594","0.68%"
"Apr 29, 2019","1.7613","1.7603","1.7628","1.7581","0.09%"
"Apr 26, 2019","1.7597","1.7584","1.7616","1.7549","0.08%"
"Apr 25, 2019","1.7583","1.7570","1.7606","1.7559","0.07%"
"Apr 24, 2019","1.7571","1.7558","1.7636","1.7544","0.08%"
"Apr 23, 2019","1.7557","1.7606","1.7663","1.7543","-0.30%"
"Apr 22, 2019","1.7609","1.7618","1.7647","1.7596","-0.01%"
"Apr 19, 2019","1.7611","1.7626","1.7641","1.7595","-0.11%"
"Apr 18, 2019","1.7630","1.7643","1.7669","1.7602","-0.09%"
"Apr 17, 2019","1.7646","1.7673","1.7694","1.7620","-0.16%"
"Apr 16, 2019","1.7674","1.7720","1.7737","1.7654","-0.28%"
"Apr 15, 2019","1.7723","1.7694","1.7749","1.7677","0.13%"
"Apr 12, 2019","1.7700","1.7708","1.7771","1.7675","-0.03%"
"Apr 11, 2019","1.7706","1.7698","1.7746","1.7673","0.05%"
"Apr 10, 2019","1.7697","1.7682","1.7738","1.7657","0.11%"
"Apr 09, 2019","1.7678","1.7698","1.7758","1.7638","-0.10%"
"Apr 08, 2019","1.7695","1.7668","1.7732","1.7648","0.18%"
"Apr 05, 2019","1.7664","1.7723","1.7774","1.7600","-0.32%"
"Apr 04, 2019","1.7720","1.7811","1.7849","1.7684","-0.54%"
"Apr 03, 2019","1.7816","1.7794","1.7855","1.7763","0.10%"
"Apr 02, 2019","1.7798","1.7750","1.7829","1.7634","0.30%"
"Apr 01, 2019","1.7745","1.7653","1.7816","1.7615","0.42%"
"Mar 29, 2019","1.7670","1.7695","1.7804","1.7578","-0.16%"
"Mar 28, 2019","1.7699","1.7876","1.7914","1.7682","-1.00%"
"Mar 27, 2019","1.7877","1.7863","1.7987","1.7826","0.07%"
"Mar 26, 2019","1.7864","1.7810","1.7913","1.7771","0.21%"
"Mar 25, 2019","1.7826","1.7864","1.7894","1.7775","-0.25%"
"Mar 22, 2019","1.7870","1.7686","1.7884","1.7666","1.07%"
"Mar 21, 2019","1.7680","1.7778","1.7818","1.7573","-0.55%"
"Mar 20, 2019","1.7777","1.7933","1.7945","1.7752","-0.84%"
"Mar 19, 2019","1.7928","1.7911","1.7981","1.7892","0.08%"
"Mar 18, 2019","1.7913","1.7968","1.8001","1.7829","-0.38%"
"Mar 15, 2019","1.7981","1.7955","1.8003","1.7878","0.15%"
"Mar 14, 2019","1.7954","1.8039","1.8063","1.7908","-0.47%"
"Mar 13, 2019","1.8039","1.7729","1.8101","1.7705","1.75%"
"Mar 12, 2019","1.7728","1.7862","1.8046","1.7651","-0.74%"
"Mar 11, 2019","1.7860","1.7688","1.7893","1.7596","0.95%"
"Mar 08, 2019","1.7692","1.7809","1.7830","1.7646","-0.65%"
"Mar 07, 2019","1.7808","1.7878","1.7897","1.7779","-0.39%"
"Mar 06, 2019","1.7877","1.7860","1.7895","1.7812","0.07%"
"Mar 05, 2019","1.7865","1.7852","1.7881","1.7757","0.00%"
"Mar 04, 2019","1.7865","1.7895","1.7975","1.7836","-0.16%"
"Mar 01, 2019","1.7893","1.7932","1.7977","1.7850","-0.22%"
"Feb 28, 2019","1.7933","1.7948","1.7987","1.7904","-0.08%"
"Feb 27, 2019","1.7948","1.7854","1.8007","1.7828","0.53%"
"Feb 26, 2019","1.7853","1.7666","1.7909","1.7666","0.99%"
"Feb 25, 2019","1.7678","1.7666","1.7695","1.7611","0.23%"
"Feb 22, 2019","1.7637","1.7671","1.7676","1.7545","-0.18%"
"Feb 21, 2019","1.7668","1.7643","1.7710","1.7611","0.15%"
"Feb 20, 2019","1.7641","1.7673","1.7697","1.7582","-0.19%"
"Feb 19, 2019","1.7674","1.7531","1.7692","1.7499","0.80%"
"Feb 18, 2019","1.7534","1.7493","1.7558","1.7488","0.26%"
"Feb 15, 2019","1.7489","1.7390","1.7501","1.7364","0.52%"
"Feb 14, 2019","1.7398","1.7462","1.7490","1.7347","-0.38%"
"Feb 13, 2019","1.7464","1.7487","1.7574","1.7451","-0.11%"
"Feb 12, 2019","1.7484","1.7489","1.7526","1.7434","-0.04%"
"Feb 11, 2019","1.7491","1.7567","1.7573","1.7487","-0.42%"
"Feb 08, 2019","1.7565","1.7573","1.7601","1.7518","-0.04%"
"Feb 07, 2019","1.7572","1.7537","1.7617","1.7446","0.19%"
"Feb 06, 2019","1.7538","1.7497","1.7572","1.7486","0.23%"
"Feb 05, 2019","1.7497","1.7633","1.7664","1.7473","-0.79%"
"Feb 04, 2019","1.7636","1.7659","1.7736","1.7630","-0.13%"
"Feb 01, 2019","1.7659","1.7639","1.7694","1.7589","0.11%"
"Jan 31, 2019","1.7639","1.7672","1.7700","1.7620","-0.19%"
"Jan 30, 2019","1.7672","1.7667","1.7724","1.7635","0.02%"
"Jan 29, 2019","1.7669","1.7809","1.7853","1.7660","-0.76%"
"Jan 28, 2019","1.7804","1.7861","1.7884","1.7788","-0.37%"
"Jan 25, 2019","1.7870","1.7783","1.7887","1.7732","0.49%"
"Jan 24, 2019","1.7782","1.7759","1.7784","1.7698","0.13%"
"Jan 23, 2019","1.7759","1.7620","1.7787","1.7585","0.80%"
"Jan 22, 2019","1.7618","1.7518","1.7644","1.7498","0.55%"
"Jan 21, 2019","1.7521","1.7500","1.7556","1.7447","0.17%"
"Jan 18, 2019","1.7492","1.7597","1.7616","1.7465","-0.62%"
"Jan 17, 2019","1.7602","1.7464","1.7617","1.7411","0.82%"
"Jan 16, 2019","1.7458","1.7443","1.7472","1.7386","0.07%"
"Jan 15, 2019","1.7445","1.7412","1.7485","1.7197","0.18%"
"Jan 14, 2019","1.7413","1.7382","1.7502","1.7351","0.14%"
"Jan 11, 2019","1.7389","1.7248","1.7407","1.7173","0.85%"
"Jan 10, 2019","1.7242","1.7313","1.7337","1.7199","-0.38%"
"Jan 09, 2019","1.7308","1.7269","1.7334","1.7249","0.19%"
"Jan 08, 2019","1.7275","1.7337","1.7384","1.7255","-0.36%"
"Jan 07, 2019","1.7337","1.7312","1.7350","1.7267","0.21%"
"Jan 04, 2019","1.7301","1.7226","1.7332","1.7201","0.42%"
"Jan 03, 2019","1.7228","1.7235","1.7257","1.7005","-0.02%"
"Jan 02, 2019","1.7231","1.7388","1.7422","1.7172","-0.89%"
"Jan 01, 2019","1.7386","1.7389","1.7417","1.7351","-0.02%"
"Dec 31, 2018","1.7390","1.7329","1.7470","1.7299","0.14%"
"Dec 28, 2018","1.7365","1.7332","1.7375","1.7275","0.19%"
"Dec 27, 2018","1.7332","1.7337","1.7397","1.7309","-0.01%"
"Dec 26, 2018","1.7333","1.7400","1.7453","1.7331","-0.50%"
"Dec 25, 2018","1.7420","1.7482","1.7550","1.7385","-0.31%"
"Dec 24, 2018","1.7474","1.7384","1.7511","1.7332","0.63%"
"Dec 21, 2018","1.7365","1.7349","1.7432","1.7304","0.09%"
"Dec 20, 2018","1.7350","1.7308","1.7389","1.7295","0.25%"
"Dec 19, 2018","1.7307","1.7329","1.7363","1.7270","-0.12%"
"Dec 18, 2018","1.7327","1.7332","1.7409","1.7297","-0.05%"
"Dec 17, 2018","1.7335","1.7333","1.7384","1.7285","0.03%"
"Dec 14, 2018","1.7329","1.7356","1.7384","1.7255","-0.16%"
"Dec 13, 2018","1.7357","1.7329","1.7388","1.7284","0.15%"
"Dec 12, 2018","1.7331","1.7155","1.7387","1.7142","1.03%"
"Dec 11, 2018","1.7154","1.7263","1.7349","1.7143","-0.66%"
"Dec 10, 2018","1.7268","1.7438","1.7489","1.7184","-0.99%"
"Dec 07, 2018","1.7440","1.7507","1.7549","1.7428","-0.39%"
"Dec 06, 2018","1.7508","1.7408","1.7552","1.7394","0.59%"
"Dec 05, 2018","1.7406","1.7368","1.7504","1.7333","0.24%"
"Dec 04, 2018","1.7365","1.7393","1.7508","1.7288","-0.18%"
"Dec 03, 2018","1.7397","1.7524","1.7529","1.7364","-0.62%"
"Nov 30, 2018","1.7506","1.7531","1.7553","1.7468","-0.16%"
"Nov 29, 2018","1.7534","1.7611","1.7628","1.7489","-0.42%"
"Nov 28, 2018","1.7608","1.7565","1.7644","1.7541","0.24%"
"Nov 27, 2018","1.7565","1.7644","1.7655","1.7514","-0.50%"
"Nov 26, 2018","1.7653","1.7673","1.7680","1.7587","0.19%"
"Nov 23, 2018","1.7619","1.7678","1.7694","1.7593","-0.36%"
"Nov 22, 2018","1.7683","1.7534","1.7744","1.7529","0.82%"
"Nov 21, 2018","1.7539","1.7584","1.7618","1.7526","-0.24%"
"Nov 20, 2018","1.7582","1.7628","1.7685","1.7553","-0.26%"
"Nov 19, 2018","1.7628","1.7603","1.7677","1.7556","0.05%"
"Nov 16, 2018","1.7619","1.7567","1.7691","1.7549","0.31%"
"Nov 15, 2018","1.7565","1.7921","1.7940","1.7518","-2.00%"
"Nov 14, 2018","1.7924","1.7901","1.7998","1.7773","0.17%"
"Nov 13, 2018","1.7893","1.7790","1.8005","1.7771","0.58%"
"Nov 12, 2018","1.7789","1.7875","1.7885","1.7738","-0.60%"
"Nov 09, 2018","1.7896","1.7974","1.7994","1.7856","-0.41%"
"Nov 08, 2018","1.7969","1.8006","1.8028","1.7928","-0.22%"
"Nov 07, 2018","1.8008","1.7991","1.8039","1.7964","0.09%"
"Nov 06, 2018","1.7991","1.7933","1.8007","1.7898","0.33%"
"Nov 05, 2018","1.7931","1.7911","1.7962","1.7825","0.53%"
"Nov 02, 2018","1.7836","1.7909","1.7917","1.7796","-0.41%"
"Nov 01, 2018","1.7910","1.7692","1.7937","1.7678","1.24%"
"Oct 31, 2018","1.7690","1.7594","1.7775","1.7578","0.52%"
"Oct 30, 2018","1.7598","1.7701","1.7732","1.7582","-0.58%"
"Oct 29, 2018","1.7701","1.7701","1.7762","1.7683","-0.05%"
"Oct 26, 2018","1.7710","1.7697","1.7752","1.7682","0.06%"
"Oct 25, 2018","1.7699","1.7792","1.7838","1.7677","-0.49%"
"Oct 24, 2018","1.7787","1.7896","1.7912","1.7763","-0.61%"
"Oct 23, 2018","1.7896","1.7891","1.7982","1.7862","0.04%"
"Oct 22, 2018","1.7889","1.8000","1.8024","1.7874","-0.66%"
"Oct 19, 2018","1.8008","1.7988","1.8045","1.7931","0.11%"
"Oct 18, 2018","1.7989","1.8075","1.8092","1.7976","-0.47%"
"Oct 17, 2018","1.8074","1.8125","1.8135","1.8022","-0.32%"
"Oct 16, 2018","1.8132","1.8107","1.8206","1.8081","0.13%"
"Oct 15, 2018","1.8108","1.8107","1.8149","1.8026","-0.10%"
"Oct 12, 2018","1.8127","1.8218","1.8244","1.8118","-0.48%"
"Oct 11, 2018","1.8215","1.8257","1.8315","1.8177","-0.22%"
"Oct 10, 2018","1.8256","1.8175","1.8267","1.8144","0.48%"
"Oct 09, 2018","1.8169","1.8117","1.8200","1.8072","0.31%"
"Oct 08, 2018","1.8112","1.8120","1.8169","1.8042","-0.20%"
"Oct 05, 2018","1.8148","1.7980","1.8148","1.7966","0.93%"
"Oct 04, 2018","1.7981","1.7850","1.7998","1.7849","0.71%"
"Oct 03, 2018","1.7854","1.7822","1.7928","1.7814","0.19%"
"Oct 02, 2018","1.7821","1.7892","1.7921","1.7801","-0.40%"
"Oct 01, 2018","1.7892","1.7808","1.7963","1.7808","0.48%"
"Sep 28, 2018","1.7807","1.7897","1.7903","1.7782","-0.49%"
"Sep 27, 2018","1.7894","1.7986","1.8008","1.7881","-0.48%"
"Sep 26, 2018","1.7980","1.8009","1.8025","1.7936","-0.16%"
"Sep 25, 2018","1.8008","1.7918","1.8023","1.7874","0.48%"
"Sep 24, 2018","1.7922","1.7834","1.7965","1.7817","0.45%"
"Sep 21, 2018","1.7841","1.8105","1.8120","1.7820","-1.45%"
"Sep 20, 2018","1.8104","1.7995","1.8150","1.7978","0.61%"
"Sep 19, 2018","1.7994","1.8026","1.8087","1.7952","-0.17%"
"Sep 18, 2018","1.8025","1.8052","1.8082","1.7974","-0.16%"
"Sep 17, 2018","1.8054","1.7961","1.8064","1.7954","0.55%"
"Sep 14, 2018","1.7956","1.7960","1.8001","1.7923","-0.02%"
"Sep 13, 2018","1.7960","1.7904","1.7981","1.7870","0.32%"
"Sep 12, 2018","1.7902","1.7926","1.7959","1.7870","-0.16%"
"Sep 11, 2018","1.7930","1.7964","1.8013","1.7876","-0.17%"
"Sep 10, 2018","1.7960","1.7833","1.7990","1.7798","0.80%"
"Sep 07, 2018","1.7818","1.7772","1.7918","1.7758","0.25%"
"Sep 06, 2018","1.7774","1.7753","1.7826","1.7741","0.09%"
"Sep 05, 2018","1.7758","1.7693","1.7873","1.7637","0.37%"
"Sep 04, 2018","1.7692","1.7656","1.7708","1.7629","0.20%"
"Sep 03, 2018","1.7656","1.7796","1.7798","1.7628","-0.75%"
"Aug 31, 2018","1.7789","1.7796","1.7831","1.7766","-0.03%"
"Aug 30, 2018","1.7794","1.7778","1.7814","1.7751","0.11%"
"Aug 29, 2018","1.7775","1.7570","1.7793","1.7538","1.20%"
"Aug 28, 2018","1.7565","1.7569","1.7613","1.7536","0.00%"
"Aug 27, 2018","1.7565","1.7522","1.7592","1.7511","0.07%"
"Aug 24, 2018","1.7552","1.7616","1.7621","1.7528","-0.35%"
"Aug 23, 2018","1.7613","1.7647","1.7686","1.7582","-0.18%"
"Aug 22, 2018","1.7644","1.7625","1.7668","1.7585","0.12%"
"Aug 21, 2018","1.7622","1.7521","1.7643","1.7513","0.58%"
"Aug 20, 2018","1.7521","1.7473","1.7530","1.7452","0.22%"
"Aug 17, 2018","1.7483","1.7498","1.7532","1.7450","-0.10%"
"Aug 16, 2018","1.7501","1.7522","1.7531","1.7466","-0.14%"
"Aug 15, 2018","1.7525","1.7534","1.7569","1.7488","-0.05%"
"Aug 14, 2018","1.7533","1.7567","1.7616","1.7496","-0.18%"
"Aug 13, 2018","1.7565","1.7539","1.7592","1.7502","0.16%"
"Aug 10, 2018","1.7537","1.7539","1.7567","1.7455","-0.02%"
"Aug 09, 2018","1.7540","1.7551","1.7596","1.7507","-0.06%"
"Aug 08, 2018","1.7550","1.7653","1.7677","1.7537","-0.59%"
"Aug 07, 2018","1.7655","1.7706","1.7729","1.7636","-0.30%"
"Aug 06, 2018","1.7708","1.7784","1.7801","1.7682","-0.38%"
"Aug 03, 2018","1.7775","1.7820","1.7839","1.7747","-0.25%"
"Aug 02, 2018","1.7819","1.7873","1.7936","1.7781","-0.31%"
"Aug 01, 2018","1.7874","1.7868","1.7895","1.7839","0.01%"
"Jul 31, 2018","1.7872","1.7887","1.7939","1.7836","-0.04%"
"Jul 30, 2018","1.7880","1.7832","1.7902","1.7827","0.13%"
"Jul 27, 2018","1.7857","1.7876","1.7895","1.7828","-0.10%"
"Jul 26, 2018","1.7875","1.7925","1.7982","1.7867","-0.23%"
"Jul 25, 2018","1.7916","1.7927","1.7955","1.7889","-0.07%"
"Jul 24, 2018","1.7929","1.7887","1.7943","1.7874","0.23%"
"Jul 23, 2018","1.7888","1.7897","1.7933","1.7864","-0.03%"
"Jul 20, 2018","1.7894","1.7839","1.7905","1.7777","0.30%"
"Jul 19, 2018","1.7840","1.7838","1.7887","1.7804","-0.01%"
"Jul 18, 2018","1.7842","1.7905","1.7940","1.7812","-0.32%"
"Jul 17, 2018","1.7900","1.8021","1.8048","1.7850","-0.72%"
"Jul 16, 2018","1.8029","1.8067","1.8095","1.8002","-0.25%"
"Jul 13, 2018","1.8074","1.8003","1.8082","1.7929","0.39%"
"Jul 12, 2018","1.8003","1.8014","1.8039","1.7976","-0.07%"
"Jul 11, 2018","1.8015","1.8016","1.8057","1.7990","-0.01%"
"Jul 10, 2018","1.8017","1.7990","1.8036","1.7916","0.16%"
"Jul 09, 2018","1.7989","1.8054","1.8092","1.7895","-0.24%"
"Jul 06, 2018","1.8033","1.8053","1.8063","1.7981","-0.11%"
"Jul 05, 2018","1.8052","1.8061","1.8105","1.8012","-0.04%"
"Jul 04, 2018","1.8060","1.8009","1.8088","1.7961","0.30%"
"Jul 03, 2018","1.8006","1.7996","1.8040","1.7957","0.06%"
"Jul 02, 2018","1.7995","1.7965","1.8020","1.7933","-0.03%"
"Jun 29, 2018","1.8001","1.7887","1.8014","1.7865","0.64%"
"Jun 28, 2018","1.7887","1.7933","1.7948","1.7844","-0.25%"
"Jun 27, 2018","1.7931","1.8033","1.8052","1.7916","-0.54%"
"Jun 26, 2018","1.8029","1.8079","1.8098","1.7987","-0.32%"
"Jun 25, 2018","1.8086","1.8022","1.8113","1.7994","0.35%"
"Jun 22, 2018","1.8023","1.7999","1.8066","1.7975","0.13%"
"Jun 21, 2018","1.8000","1.7902","1.8020","1.7848","0.58%"
"Jun 20, 2018","1.7897","1.7888","1.7948","1.7833","0.07%"
"Jun 19, 2018","1.7885","1.7897","1.7952","1.7863","-0.08%"
"Jun 18, 2018","1.7899","1.7918","1.7967","1.7867","-0.27%"
"Jun 15, 2018","1.7947","1.7838","1.7961","1.7795","0.61%"
"Jun 14, 2018","1.7838","1.7859","1.7943","1.7795","-0.15%"
"Jun 13, 2018","1.7864","1.7871","1.7888","1.7779","-0.06%"
"Jun 12, 2018","1.7874","1.7856","1.7931","1.7814","0.11%"
"Jun 11, 2018","1.7855","1.7898","1.7939","1.7811","-0.30%"
"Jun 08, 2018","1.7908","1.7902","1.7948","1.7842","0.02%"
"Jun 07, 2018","1.7904","1.7875","1.7940","1.7816","0.17%"
"Jun 06, 2018","1.7873","1.7881","1.7921","1.7849","-0.04%"
"Jun 05, 2018","1.7880","1.7794","1.7896","1.7754","0.49%"
"Jun 04, 2018","1.7793","1.7852","1.7889","1.7767","-0.40%"
"Jun 01, 2018","1.7865","1.7789","1.7888","1.7742","0.41%"
"May 31, 2018","1.7792","1.7796","1.7865","1.7765","-0.04%"
"May 30, 2018","1.7799","1.7834","1.7857","1.7772","-0.21%"
"May 29, 2018","1.7836","1.7871","1.7910","1.7779","-0.22%"
"May 28, 2018","1.7875","1.7852","1.7889","1.7826","0.11%"
"May 25, 2018","1.7856","1.7923","1.7942","1.7841","-0.35%"
"May 24, 2018","1.7919","1.7930","1.7996","1.7910","-0.04%"
"May 23, 2018","1.7927","1.7990","1.8015","1.7897","-0.36%"
"May 22, 2018","1.7992","1.7993","1.8057","1.7959","-0.02%"
"May 21, 2018","1.7996","1.8093","1.8120","1.7988","-0.54%"
"May 18, 2018","1.8093","1.8144","1.8158","1.8077","-0.27%"
"May 17, 2018","1.8142","1.8079","1.8187","1.8072","0.34%"
"May 16, 2018","1.8080","1.8163","1.8175","1.8061","-0.45%"
"May 15, 2018","1.8161","1.8108","1.8182","1.8067","0.27%"
"May 14, 2018","1.8112","1.8112","1.8135","1.8043","0.08%"
"May 11, 2018","1.8097","1.8080","1.8128","1.8052","0.08%"
"May 10, 2018","1.8082","1.8234","1.8281","1.8045","-0.83%"
"May 09, 2018","1.8233","1.8153","1.8248","1.8135","0.44%"
"May 08, 2018","1.8153","1.8111","1.8170","1.8055","0.27%"
"May 07, 2018","1.8105","1.8051","1.8142","1.8036","0.30%"
"May 04, 2018","1.8050","1.8070","1.8120","1.8018","-0.09%"
"May 03, 2018","1.8066","1.8146","1.8158","1.8047","-0.46%"
"May 02, 2018","1.8150","1.8155","1.8255","1.8115","-0.02%"
"May 01, 2018","1.8154","1.8250","1.8281","1.8126","-0.58%"
"Apr 30, 2018","1.8260","1.8250","1.8268","1.8166","0.10%"
"Apr 27, 2018","1.8241","1.8486","1.8499","1.8225","-1.35%"
"Apr 26, 2018","1.8490","1.8510","1.8558","1.8451","-0.11%"
"Apr 25, 2018","1.8510","1.8488","1.8548","1.8473","0.15%"
"Apr 24, 2018","1.8482","1.8480","1.8510","1.8420","0.02%"
"Apr 23, 2018","1.8479","1.8454","1.8507","1.8408","0.27%"
"Apr 20, 2018","1.8430","1.8477","1.8513","1.8420","-0.29%"
"Apr 19, 2018","1.8483","1.8600","1.8651","1.8456","-0.66%"
"Apr 18, 2018","1.8605","1.8742","1.8769","1.8591","-0.71%"
"Apr 17, 2018","1.8738","1.8786","1.8821","1.8716","-0.24%"
"Apr 16, 2018","1.8783","1.8687","1.8805","1.8667","0.52%"
"Apr 13, 2018","1.8686","1.8676","1.8756","1.8628","0.05%"
"Apr 12, 2018","1.8676","1.8559","1.8707","1.8544","0.63%"
"Apr 11, 2018","1.8559","1.8556","1.8617","1.8529","0.01%"
"Apr 10, 2018","1.8558","1.8537","1.8596","1.8498","0.12%"
"Apr 09, 2018","1.8535","1.8558","1.8584","1.8499","-0.03%"
"Apr 06, 2018","1.8541","1.8430","1.8581","1.8421","0.59%"
"Apr 05, 2018","1.8432","1.8473","1.8509","1.8392","-0.25%"
"Apr 04, 2018","1.8478","1.8436","1.8506","1.8418","0.21%"
"Apr 03, 2018","1.8439","1.8439","1.8464","1.8375","0.03%"
"Apr 02, 2018","1.8434","1.8396","1.8448","1.8378","0.32%"
"Mar 30, 2018","1.8376","1.8384","1.8424","1.8366","-0.05%"
"Mar 29, 2018","1.8386","1.8466","1.8498","1.8360","-0.44%"
"Mar 28, 2018","1.8468","1.8549","1.8590","1.8454","-0.44%"
"Mar 27, 2018","1.8549","1.8625","1.8639","1.8425","-0.39%"
"Mar 26, 2018","1.8621","1.8596","1.8668","1.8553","0.16%"
"Mar 23, 2018","1.8592","1.8563","1.8617","1.8525","0.13%"
"Mar 22, 2018","1.8568","1.8559","1.8694","1.8533","0.04%"
"Mar 21, 2018","1.8561","1.8463","1.8583","1.8458","0.53%"
"Mar 20, 2018","1.8463","1.8465","1.8513","1.8426","-0.04%"
"Mar 19, 2018","1.8470","1.8355","1.8557","1.8345","0.56%"
"Mar 16, 2018","1.8368","1.8304","1.8385","1.8292","0.33%"
"Mar 15, 2018","1.8307","1.8276","1.8340","1.8235","0.16%"
"Mar 14, 2018","1.8278","1.8318","1.8357","1.8232","-0.22%"
"Mar 13, 2018","1.8318","1.8256","1.8338","1.8224","0.34%"
"Mar 12, 2018","1.8256","1.8233","1.8282","1.8191","0.11%"
"Mar 09, 2018","1.8236","1.8194","1.8271","1.8175","0.21%"
"Mar 08, 2018","1.8197","1.8269","1.8296","1.8160","-0.38%"
"Mar 07, 2018","1.8267","1.8279","1.8339","1.8204","-0.06%"
"Mar 06, 2018","1.8278","1.8257","1.8329","1.8229","0.09%"
"Mar 05, 2018","1.8261","1.8185","1.8300","1.8176","0.24%"
"Mar 02, 2018","1.8217","1.8227","1.8242","1.8166","-0.04%"
"Mar 01, 2018","1.8225","1.8234","1.8285","1.8194","-0.04%"
"Feb 28, 2018","1.8232","1.8418","1.8436","1.8217","-1.02%"
"Feb 27, 2018","1.8419","1.8379","1.8454","1.8339","0.21%"
"Feb 26, 2018","1.8381","1.8436","1.8508","1.8361","-0.29%"
"Feb 23, 2018","1.8434","1.8412","1.8507","1.8384","0.09%"
"Feb 22, 2018","1.8418","1.8424","1.8442","1.8321","-0.02%"
"Feb 21, 2018","1.8422","1.8459","1.8483","1.8365","-0.20%"
"Feb 20, 2018","1.8458","1.8396","1.8491","1.8359","0.33%"
"Feb 19, 2018","1.8397","1.8412","1.8422","1.8344","-0.15%"
"Feb 16, 2018","1.8424","1.8459","1.8485","1.8374","-0.18%"
"Feb 15, 2018","1.8458","1.8401","1.8492","1.8379","0.34%"
"Feb 14, 2018","1.8396","1.8374","1.8423","1.8249","0.13%"
"Feb 13, 2018","1.8372","1.8312","1.8407","1.8302","0.34%"
"Feb 12, 2018","1.8310","1.8380","1.8400","1.8283","-0.48%"
"Feb 09, 2018","1.8399","1.8524","1.8641","1.8318","-0.66%"
"Feb 08, 2018","1.8522","1.8398","1.8683","1.8377","0.68%"
"Feb 07, 2018","1.8397","1.8398","1.8444","1.8311","0.00%"
"Feb 06, 2018","1.8397","1.8450","1.8487","1.8299","-0.29%"
"Feb 05, 2018","1.8450","1.8645","1.8658","1.8441","-0.99%"
"Feb 02, 2018","1.8635","1.8662","1.8730","1.8604","-0.13%"
"Feb 01, 2018","1.8659","1.8619","1.8739","1.8596","0.20%"
"Jan 31, 2018","1.8621","1.8557","1.8642","1.8481","0.36%"
"Jan 30, 2018","1.8554","1.8438","1.8578","1.8374","0.61%"
"Jan 29, 2018","1.8441","1.8521","1.8521","1.8404","-0.49%"
"Jan 26, 2018","1.8532","1.8531","1.8643","1.8483","0.02%"
"Jan 25, 2018","1.8529","1.8624","1.8697","1.8487","-0.48%"
"Jan 24, 2018","1.8619","1.8443","1.8645","1.8431","0.96%"
"Jan 23, 2018","1.8442","1.8452","1.8490","1.8367","-0.04%"
"Jan 22, 2018","1.8450","1.8312","1.8457","1.8305","0.84%"
"Jan 19, 2018","1.8297","1.8357","1.8391","1.8275","-0.30%"
"Jan 18, 2018","1.8352","1.8316","1.8382","1.8277","0.20%"
"Jan 17, 2018","1.8316","1.8216","1.8395","1.8206","0.53%"
"Jan 16, 2018","1.8219","1.8216","1.8265","1.8192","-0.02%"
"Jan 15, 2018","1.8222","1.8202","1.8266","1.8149","0.14%"
"Jan 12, 2018","1.8197","1.7998","1.8216","1.7980","1.12%"
"Jan 11, 2018","1.7996","1.8022","1.8033","1.7938","-0.14%"
"Jan 10, 2018","1.8022","1.8082","1.8097","1.8000","-0.32%"
"Jan 09, 2018","1.8080","1.8078","1.8093","1.8034","0.00%"
"Jan 08, 2018","1.8080","1.7997","1.8108","1.7985","0.43%"
"Jan 05, 2018","1.8003","1.7998","1.8032","1.7960","0.02%"
"Jan 04, 2018","1.7999","1.7973","1.8031","1.7961","0.13%"
"Jan 03, 2018","1.7975","1.8061","1.8101","1.7946","-0.48%"
"Jan 02, 2018","1.8061","1.8055","1.8087","1.7981","0.03%"
"Jan 01, 2018","1.8055","1.8077","1.8089","1.8044","-0.12%"
"Dec 29, 2017","1.8076","1.7985","1.8104","1.7966","0.52%"
"Dec 28, 2017","1.7983","1.7949","1.8007","1.7940","0.18%"
"Dec 27, 2017","1.7950","1.7967","1.7998","1.7929","-0.09%"
"Dec 26, 2017","1.7967","1.7971","1.7989","1.7934","-0.01%"
"Dec 25, 2017","1.7969","1.7949","1.8008","1.7947","0.06%"
"Dec 22, 2017","1.7958","1.7987","1.8020","1.7939","-0.16%"
"Dec 21, 2017","1.7987","1.7980","1.8021","1.7942","0.06%"
"Dec 20, 2017","1.7976","1.8025","1.8066","1.7974","-0.27%"
"Dec 19, 2017","1.8025","1.8032","1.8056","1.7962","-0.04%"
"Dec 18, 2017","1.8032","1.7982","1.8092","1.7946","0.38%"
"Dec 15, 2017","1.7963","1.8074","1.8112","1.7930","-0.62%"
"Dec 14, 2017","1.8075","1.8070","1.8151","1.8028","0.03%"
"Dec 13, 2017","1.8070","1.8008","1.8089","1.7993","0.35%"
"Dec 12, 2017","1.8007","1.8028","1.8076","1.7990","-0.11%"
"Dec 11, 2017","1.8027","1.8112","1.8147","1.8012","-0.45%"
"Dec 08, 2017","1.8109","1.8216","1.8291","1.8070","-0.57%"
"Dec 07, 2017","1.8212","1.8068","1.8218","1.7990","0.80%"
"Dec 06, 2017","1.8068","1.8111","1.8123","1.8003","-0.24%"
"Dec 05, 2017","1.8112","1.8162","1.8167","1.8007","-0.29%"
"Dec 04, 2017","1.8165","1.8143","1.8260","1.8078","0.12%"
"Dec 01, 2017","1.8144","1.8243","1.8272","1.8108","-0.54%"
"Nov 30, 2017","1.8242","1.8062","1.8257","1.8058","0.99%"
"Nov 29, 2017","1.8064","1.7954","1.8111","1.7953","0.60%"
"Nov 28, 2017","1.7957","1.7936","1.8018","1.7784","0.12%"
"Nov 27, 2017","1.7935","1.7949","1.7992","1.7910","-0.04%"
"Nov 24, 2017","1.7943","1.7908","1.7976","1.7884","0.21%"
"Nov 23, 2017","1.7905","1.7949","1.7971","1.7888","-0.26%"
"Nov 22, 2017","1.7951","1.7932","1.7960","1.7865","0.10%"
"Nov 21, 2017","1.7933","1.7961","1.8005","1.7900","-0.16%"
"Nov 20, 2017","1.7962","1.7900","1.8003","1.7894","0.30%"
"Nov 17, 2017","1.7909","1.7897","1.7993","1.7857","0.06%"
"Nov 16, 2017","1.7898","1.7866","1.7924","1.7833","0.17%"
"Nov 15, 2017","1.7867","1.7895","1.7924","1.7814","-0.14%"
"Nov 14, 2017","1.7892","1.7863","1.7924","1.7797","0.17%"
"Nov 13, 2017","1.7862","1.7932","1.7953","1.7785","-0.46%"
"Nov 10, 2017","1.7944","1.7868","1.7987","1.7834","0.44%"
"Nov 09, 2017","1.7866","1.7860","1.7910","1.7814","0.03%"
"Nov 08, 2017","1.7861","1.7959","1.7978","1.7819","-0.55%"
"Nov 07, 2017","1.7960","1.7933","1.7970","1.7876","0.14%"
"Nov 06, 2017","1.7934","1.7851","1.7946","1.7826","0.48%"
"Nov 03, 2017","1.7848","1.7748","1.7875","1.7732","0.56%"
"Nov 02, 2017","1.7749","1.8028","1.8058","1.7737","-1.55%"
"Nov 01, 2017","1.8028","1.8107","1.8130","1.8017","-0.41%"
"Oct 31, 2017","1.8102","1.7966","1.8111","1.7952","0.71%"
"Oct 30, 2017","1.7974","1.7911","1.8013","1.7892","0.26%"
"Oct 27, 2017","1.7927","1.7992","1.8001","1.7888","-0.36%"
"Oct 26, 2017","1.7992","1.8048","1.8061","1.7937","-0.29%"
"Oct 25, 2017","1.8045","1.7897","1.8069","1.7850","0.80%"
"Oct 24, 2017","1.7901","1.7974","1.7992","1.7865","-0.41%"
"Oct 23, 2017","1.7975","1.7951","1.8009","1.7926","0.11%"
"Oct 20, 2017","1.7955","1.7852","1.7967","1.7794","0.58%"
"Oct 19, 2017","1.7851","1.7915","1.7968","1.7836","-0.37%"
"Oct 18, 2017","1.7917","1.7878","1.7920","1.7847","0.20%"
"Oct 17, 2017","1.7882","1.7907","1.8022","1.7860","-0.12%"
"Oct 16, 2017","1.7904","1.7961","1.8001","1.7880","-0.12%"
"Oct 13, 2017","1.7926","1.7937","1.8052","1.7914","-0.06%"
"Oct 12, 2017","1.7936","1.7909","1.7970","1.7769","0.15%"
"Oct 11, 2017","1.7909","1.7908","1.7931","1.7861","0.01%"
"Oct 10, 2017","1.7907","1.7920","1.7936","1.7868","-0.08%"
"Oct 09, 2017","1.7921","1.7835","1.7977","1.7817","0.51%"
"Oct 06, 2017","1.7830","1.7899","1.7915","1.7802","-0.38%"
"Oct 05, 2017","1.7898","1.8027","1.8067","1.7883","-0.74%"
"Oct 04, 2017","1.8031","1.8025","1.8092","1.8017","0.00%"
"Oct 03, 2017","1.8031","1.8076","1.8131","1.8019","-0.26%"
"Oct 02, 2017","1.8078","1.8183","1.8205","1.8049","-0.59%"
"Sep 29, 2017","1.8186","1.8251","1.8258","1.8129","-0.37%"
"Sep 28, 2017","1.8253","1.8200","1.8288","1.8172","0.30%"
"Sep 27, 2017","1.8199","1.8229","1.8252","1.8158","-0.16%"
"Sep 26, 2017","1.8229","1.8201","1.8279","1.8168","0.20%"
"Sep 25, 2017","1.8192","1.8157","1.8289","1.8114","0.18%"
"Sep 22, 2017","1.8159","1.8323","1.8348","1.8105","-0.93%"
"Sep 21, 2017","1.8330","1.8196","1.8350","1.8191","0.72%"
"Sep 20, 2017","1.8199","1.8193","1.8320","1.8165","0.04%"
"Sep 19, 2017","1.8192","1.8189","1.8274","1.8162","0.02%"
"Sep 18, 2017","1.8188","1.8271","1.8299","1.8158","-0.54%"
"Sep 15, 2017","1.8286","1.8038","1.8320","1.8013","1.34%"
"Sep 14, 2017","1.8044","1.7841","1.8091","1.7772","1.14%"
"Sep 13, 2017","1.7840","1.7900","1.7938","1.7802","-0.34%"
"Sep 12, 2017","1.7901","1.7729","1.7917","1.7718","0.96%"
"Sep 11, 2017","1.7730","1.7719","1.7779","1.7673","0.09%"
"Sep 08, 2017","1.7714","1.7551","1.7727","1.7536","0.92%"
"Sep 07, 2017","1.7552","1.7611","1.7629","1.7517","-0.33%"
"Sep 06, 2017","1.7610","1.7628","1.7668","1.7594","-0.12%"
"Sep 05, 2017","1.7631","1.7555","1.7648","1.7500","0.48%"
"Sep 04, 2017","1.7546","1.7591","1.7612","1.7506","-0.20%"
"Sep 01, 2017","1.7581","1.7532","1.7616","1.7507","0.28%"
"Aug 31, 2017","1.7532","1.7554","1.7572","1.7467","-0.14%"
"Aug 30, 2017","1.7557","1.7507","1.7566","1.7484","0.28%"
"Aug 29, 2017","1.7508","1.7506","1.7550","1.7470","0.00%"
"Aug 28, 2017","1.7508","1.7482","1.7557","1.7450","0.22%"
"Aug 25, 2017","1.7470","1.7435","1.7482","1.7409","0.21%"
"Aug 24, 2017","1.7433","1.7413","1.7475","1.7380","0.07%"
"Aug 23, 2017","1.7420","1.7473","1.7492","1.7401","-0.29%"
"Aug 22, 2017","1.7471","1.7551","1.7569","1.7440","-0.48%"
"Aug 21, 2017","1.7555","1.7548","1.7585","1.7517","0.02%"
"Aug 18, 2017","1.7551","1.7586","1.7618","1.7503","-0.20%"
"Aug 17, 2017","1.7586","1.7568","1.7616","1.7552","0.12%"
"Aug 16, 2017","1.7565","1.7594","1.7644","1.7538","-0.19%"
"Aug 15, 2017","1.7599","1.7671","1.7701","1.7574","-0.38%"
"Aug 14, 2017","1.7667","1.7680","1.7718","1.7651","-0.21%"
"Aug 11, 2017","1.7705","1.7692","1.7732","1.7636","0.08%"
"Aug 10, 2017","1.7691","1.7728","1.7751","1.7672","-0.24%"
"Aug 09, 2017","1.7734","1.7706","1.7752","1.7684","0.14%"
"Aug 08, 2017","1.7709","1.7762","1.7773","1.7661","-0.30%"
"Aug 07, 2017","1.7763","1.7725","1.7806","1.7725","0.13%"
"Aug 04, 2017","1.7740","1.7853","1.7861","1.7719","-0.63%"
"Aug 03, 2017","1.7852","1.7971","1.8047","1.7832","-0.67%"
"Aug 02, 2017","1.7973","1.7928","1.8021","1.7924","0.23%"
"Aug 01, 2017","1.7931","1.7909","1.7977","1.7889","0.15%"
"Jul 31, 2017","1.7904","1.7814","1.7919","1.7764","0.47%"
"Jul 28, 2017","1.7821","1.7755","1.7847","1.7742","0.35%"
"Jul 27, 2017","1.7759","1.7813","1.7874","1.7741","-0.29%"
"Jul 26, 2017","1.7810","1.7745","1.7814","1.7729","0.37%"
"Jul 25, 2017","1.7744","1.7745","1.7798","1.7708","-0.01%"
"Jul 24, 2017","1.7746","1.7698","1.7773","1.7680","0.24%"
"Jul 21, 2017","1.7704","1.7725","1.7767","1.7659","-0.12%"
"Jul 20, 2017","1.7725","1.7813","1.7854","1.7693","-0.49%"
"Jul 19, 2017","1.7812","1.7822","1.7869","1.7792","-0.04%"
"Jul 18, 2017","1.7819","1.7874","1.7940","1.7770","-0.31%"
"Jul 17, 2017","1.7875","1.7953","1.7987","1.7851","-0.47%"
"Jul 14, 2017","1.7960","1.7775","1.7990","1.7772","1.01%"
"Jul 13, 2017","1.7780","1.7754","1.7856","1.7740","0.17%"
"Jul 12, 2017","1.7750","1.7755","1.7804","1.7692","-0.04%"
"Jul 11, 2017","1.7757","1.7837","1.7901","1.7749","-0.45%"
"Jul 10, 2017","1.7837","1.7816","1.7873","1.7792","0.11%"
"Jul 07, 2017","1.7818","1.7934","1.7957","1.7779","-0.62%"
"Jul 06, 2017","1.7929","1.7863","1.7965","1.7837","0.38%"
"Jul 05, 2017","1.7861","1.7860","1.7884","1.7818","-0.04%"
"Jul 04, 2017","1.7868","1.7896","1.7918","1.7848","-0.12%"
"Jul 03, 2017","1.7889","1.7911","1.7957","1.7872","-0.23%"
"Jun 30, 2017","1.7931","1.7946","1.7963","1.7829","-0.05%"
"Jun 29, 2017","1.7940","1.7864","1.7966","1.7851","0.41%"
"Jun 28, 2017","1.7867","1.7779","1.7942","1.7728","0.49%"
"Jun 27, 2017","1.7779","1.7662","1.7832","1.7633","0.69%"
"Jun 26, 2017","1.7657","1.7660","1.7707","1.7639","0.06%"
"Jun 23, 2017","1.7646","1.7629","1.7682","1.7614","0.09%"
"Jun 22, 2017","1.7630","1.7598","1.7647","1.7566","0.15%"
"Jun 21, 2017","1.7603","1.7553","1.7671","1.7506","0.32%"
"Jun 20, 2017","1.7547","1.7662","1.7703","1.7519","-0.69%"
"Jun 19, 2017","1.7669","1.7683","1.7727","1.7614","-0.03%"
"Jun 16, 2017","1.7675","1.7650","1.7723","1.7636","0.15%"
"Jun 15, 2017","1.7649","1.7542","1.7682","1.7499","0.63%"
"Jun 14, 2017","1.7539","1.7612","1.7667","1.7507","-0.43%"
"Jun 13, 2017","1.7614","1.7522","1.7624","1.7484","0.53%"
"Jun 12, 2017","1.7522","1.7628","1.7674","1.7494","-0.70%"
"Jun 09, 2017","1.7645","1.7886","1.7892","1.7493","-1.33%"
"Jun 08, 2017","1.7882","1.7919","1.7942","1.7834","-0.19%"
"Jun 07, 2017","1.7916","1.7812","1.7927","1.7791","0.58%"
"Jun 06, 2017","1.7813","1.7834","1.7877","1.7763","-0.08%"
"Jun 05, 2017","1.7828","1.7740","1.7884","1.7732","0.20%"
"Jun 02, 2017","1.7793","1.7868","1.7890","1.7777","-0.38%"
"Jun 01, 2017","1.7861","1.7828","1.7899","1.7761","0.17%"
"May 31, 2017","1.7831","1.7799","1.7872","1.7669","0.17%"
"May 30, 2017","1.7801","1.7805","1.7868","1.7751","-0.01%"
"May 29, 2017","1.7802","1.7685","1.7808","1.7663","0.62%"
"May 26, 2017","1.7692","1.7946","1.7955","1.7651","-1.40%"
"May 25, 2017","1.7943","1.7959","1.8015","1.7904","-0.11%"
"May 24, 2017","1.7963","1.8020","1.8052","1.7932","-0.34%"
"May 23, 2017","1.8024","1.8021","1.8086","1.7975","0.01%"
"May 22, 2017","1.8023","1.8027","1.8072","1.7982","-0.17%"
"May 19, 2017","1.8054","1.8018","1.8098","1.7999","0.23%"
"May 18, 2017","1.8013","1.8023","1.8166","1.7966","-0.09%"
"May 17, 2017","1.8029","1.8021","1.8108","1.7974","0.04%"
"May 16, 2017","1.8022","1.8026","1.8102","1.7984","0.00%"
"May 15, 2017","1.8022","1.8101","1.8135","1.8001","-0.44%"
"May 12, 2017","1.8101","1.8130","1.8170","1.8067","-0.19%"
"May 11, 2017","1.8135","1.8256","1.8284","1.8101","-0.64%"
"May 10, 2017","1.8251","1.8256","1.8320","1.8227","-0.04%"
"May 09, 2017","1.8259","1.8197","1.8286","1.8182","0.37%"
"May 08, 2017","1.8192","1.8235","1.8250","1.8166","-0.24%"
"May 05, 2017","1.8236","1.8100","1.8254","1.8061","0.75%"
"May 04, 2017","1.8100","1.7979","1.8109","1.7931","0.66%"
"May 03, 2017","1.7981","1.8030","1.8048","1.7966","-0.29%"
"May 02, 2017","1.8033","1.8003","1.8054","1.7937","0.17%"
"May 01, 2017","1.8002","1.8087","1.8096","1.7985","-0.50%"
"Apr 28, 2017","1.8092","1.8029","1.8126","1.8002","0.37%"
"Apr 27, 2017","1.8026","1.7936","1.8051","1.7915","0.51%"
"Apr 26, 2017","1.7934","1.7899","1.7981","1.7848","0.20%"
"Apr 25, 2017","1.7899","1.7825","1.7904","1.7795","0.46%"
"Apr 24, 2017","1.7817","1.7910","1.7915","1.7780","-0.46%"
"Apr 21, 2017","1.7899","1.7906","1.7930","1.7829","-0.07%"
"Apr 20, 2017","1.7912","1.7872","1.7945","1.7856","0.22%"
"Apr 19, 2017","1.7873","1.7920","1.7976","1.7853","-0.26%"
"Apr 18, 2017","1.7920","1.7564","1.8019","1.7510","2.01%"
"Apr 17, 2017","1.7567","1.7507","1.7589","1.7470","0.35%"
"Apr 14, 2017","1.7506","1.7485","1.7528","1.7468","0.14%"
"Apr 13, 2017","1.7482","1.7492","1.7563","1.7473","-0.07%"
"Apr 12, 2017","1.7494","1.7532","1.7547","1.7478","-0.23%"
"Apr 11, 2017","1.7535","1.7447","1.7544","1.7425","0.51%"
"Apr 10, 2017","1.7446","1.7386","1.7466","1.7378","0.36%"
"Apr 07, 2017","1.7383","1.7488","1.7504","1.7364","-0.61%"
"Apr 06, 2017","1.7490","1.7494","1.7534","1.7445","0.01%"
"Apr 05, 2017","1.7489","1.7402","1.7521","1.7376","0.54%"
"Apr 04, 2017","1.7395","1.7447","1.7465","1.7351","-0.30%"
"Apr 03, 2017","1.7448","1.7532","1.7559","1.7410","-0.54%"
"Mar 31, 2017","1.7543","1.7433","1.7562","1.7377","0.62%"
"Mar 30, 2017","1.7435","1.7334","1.7462","1.7302","0.57%"
"Mar 29, 2017","1.7337","1.7408","1.7426","1.7303","-0.40%"
"Mar 28, 2017","1.7406","1.7499","1.7570","1.7372","-0.56%"
"Mar 27, 2017","1.7504","1.7471","1.7564","1.7432","0.33%"
"Mar 24, 2017","1.7447","1.7519","1.7527","1.7434","-0.43%"
"Mar 23, 2017","1.7522","1.7455","1.7550","1.7439","0.40%"
"Mar 22, 2017","1.7453","1.7465","1.7511","1.7374","-0.06%"
"Mar 21, 2017","1.7463","1.7262","1.7493","1.7251","1.17%"
"Mar 20, 2017","1.7261","1.7389","1.7389","1.7237","-0.67%"
"Mar 17, 2017","1.7377","1.7314","1.7387","1.7291","0.33%"
"Mar 16, 2017","1.7320","1.7225","1.7353","1.7183","0.55%"
"Mar 15, 2017","1.7225","1.7203","1.7315","1.7183","0.12%"
"Mar 14, 2017","1.7205","1.7280","1.7295","1.7134","-0.44%"
"Mar 13, 2017","1.7281","1.7174","1.7312","1.7161","0.54%"
"Mar 10, 2017","1.7188","1.7289","1.7298","1.7167","-0.55%"
"Mar 09, 2017","1.7283","1.7256","1.7312","1.7232","0.13%"
"Mar 08, 2017","1.7260","1.7215","1.7265","1.7173","0.26%"
"Mar 07, 2017","1.7216","1.7275","1.7302","1.7177","-0.38%"
"Mar 06, 2017","1.7281","1.7336","1.7352","1.7253","-0.31%"
"Mar 03, 2017","1.7335","1.7333","1.7377","1.7272","0.03%"
"Mar 02, 2017","1.7329","1.7323","1.7371","1.7286","0.03%"
"Mar 01, 2017","1.7324","1.7375","1.7459","1.7297","-0.29%"
"Feb 28, 2017","1.7375","1.7473","1.7494","1.7355","-0.55%"
"Feb 27, 2017","1.7471","1.7518","1.7535","1.7418","-0.26%"
"Feb 24, 2017","1.7517","1.7661","1.7690","1.7465","-0.79%"
"Feb 23, 2017","1.7657","1.7590","1.7671","1.7574","0.40%"
"Feb 22, 2017","1.7587","1.7724","1.7757","1.7571","-0.74%"
"Feb 21, 2017","1.7718","1.7664","1.7733","1.7630","0.28%"
"Feb 20, 2017","1.7669","1.7595","1.7704","1.7590","0.32%"
"Feb 17, 2017","1.7613","1.7691","1.7735","1.7542","-0.43%"
"Feb 16, 2017","1.7689","1.7678","1.7773","1.7657","0.05%"
"Feb 15, 2017","1.7680","1.7719","1.7747","1.7640","-0.22%"
"Feb 14, 2017","1.7719","1.7842","1.7855","1.7645","-0.67%"
"Feb 13, 2017","1.7838","1.7767","1.7851","1.7716","0.42%"
"Feb 10, 2017","1.7763","1.7757","1.7813","1.7683","0.06%"
"Feb 09, 2017","1.7753","1.7764","1.7819","1.7705","-0.07%"
"Feb 08, 2017","1.7765","1.7743","1.7778","1.7685","0.15%"
"Feb 07, 2017","1.7739","1.7553","1.7756","1.7506","1.01%"
"Feb 06, 2017","1.7561","1.7581","1.7622","1.7534","-0.09%"
"Feb 03, 2017","1.7576","1.7676","1.7736","1.7529","-0.57%"
"Feb 02, 2017","1.7677","1.7891","1.7919","1.7653","-1.15%"
"Feb 01, 2017","1.7882","1.7744","1.7924","1.7714","0.82%"
"Jan 31, 2017","1.7736","1.7738","1.7784","1.7600","-0.04%"
"Jan 30, 2017","1.7743","1.7970","1.8014","1.7710","-1.29%"
"Jan 27, 2017","1.7975","1.7973","1.8001","1.7870","0.04%"
"Jan 26, 2017","1.7967","1.7859","1.7988","1.7832","0.63%"
"Jan 25, 2017","1.7854","1.7801","1.7913","1.7744","0.33%"
"Jan 24, 2017","1.7796","1.7763","1.7799","1.7611","0.14%"
"Jan 23, 2017","1.7772","1.7630","1.7786","1.7577","0.75%"
"Jan 20, 2017","1.7639","1.7602","1.7648","1.7531","0.23%"
"Jan 19, 2017","1.7598","1.7524","1.7627","1.7504","0.41%"
"Jan 18, 2017","1.7526","1.7570","1.7583","1.7449","-0.25%"
"Jan 17, 2017","1.7570","1.7227","1.7586","1.7181","1.94%"
"Jan 16, 2017","1.7236","1.7214","1.7295","1.7115","-0.81%"
"Jan 13, 2017","1.7377","1.7349","1.7497","1.7327","0.16%"
"Jan 12, 2017","1.7350","1.7424","1.7550","1.7304","-0.43%"
"Jan 11, 2017","1.7425","1.7488","1.7525","1.7344","-0.37%"
"Jan 10, 2017","1.7489","1.7465","1.7498","1.7373","0.11%"
"Jan 09, 2017","1.7469","1.7653","1.7671","1.7427","-1.24%"
"Jan 06, 2017","1.7688","1.7729","1.7783","1.7640","-0.29%"
"Jan 05, 2017","1.7739","1.7742","1.7774","1.7590","-0.03%"
"Jan 04, 2017","1.7744","1.7747","1.7789","1.7667","-0.03%"
"Jan 03, 2017","1.7750","1.7811","1.7845","1.7721","-0.33%"
"Jan 02, 2017","1.7809","1.7875","1.7893","1.7790","-0.34%"
"Dec 30, 2016","1.7870","1.7762","1.7898","1.7723","0.62%"
"Dec 29, 2016","1.7760","1.7736","1.7791","1.7707","0.15%"
"Dec 28, 2016","1.7733","1.7780","1.7832","1.7709","-0.30%"
"Dec 27, 2016","1.7787","1.7781","1.7832","1.7718","-0.01%"
"Dec 26, 2016","1.7789","1.7723","1.7826","1.7710","0.08%"
"Dec 23, 2016","1.7775","1.7826","1.7841","1.7701","-0.27%"
"Dec 22, 2016","1.7824","1.7850","1.7914","1.7786","-0.16%"
"Dec 21, 2016","1.7853","1.7889","1.7898","1.7797","-0.14%"
"Dec 20, 2016","1.7878","1.7970","1.7989","1.7805","-0.51%"
"Dec 19, 2016","1.7969","1.8053","1.8090","1.7881","-0.52%"
"Dec 16, 2016","1.8063","1.7930","1.8090","1.7877","0.83%"
"Dec 15, 2016","1.7914","1.8056","1.8089","1.7892","-0.79%"
"Dec 14, 2016","1.8057","1.8025","1.8114","1.7980","0.17%"
"Dec 13, 2016","1.8026","1.8046","1.8157","1.8016","-0.09%"
"Dec 12, 2016","1.8043","1.7994","1.8091","1.7964","0.28%"
"Dec 09, 2016","1.7993","1.7914","1.8032","1.7878","0.46%"
"Dec 08, 2016","1.7910","1.7886","1.8006","1.7870","0.11%"
"Dec 07, 2016","1.7890","1.8010","1.8039","1.7834","-0.68%"
"Dec 06, 2016","1.8013","1.8060","1.8142","1.7976","-0.30%"
"Dec 05, 2016","1.8067","1.8071","1.8150","1.7975","-0.01%"
"Dec 02, 2016","1.8068","1.7968","1.8112","1.7920","0.63%"
"Dec 01, 2016","1.7955","1.7927","1.8119","1.7876","0.14%"
"Nov 30, 2016","1.7930","1.7801","1.7952","1.7707","0.74%"
"Nov 29, 2016","1.7799","1.7682","1.7886","1.7646","0.67%"
"Nov 28, 2016","1.7680","1.7809","1.7834","1.7657","-0.85%"
"Nov 25, 2016","1.7832","1.7836","1.7856","1.7730","-0.02%"
"Nov 24, 2016","1.7836","1.7816","1.7881","1.7780","0.13%"
"Nov 23, 2016","1.7812","1.7687","1.7861","1.7630","0.70%"
"Nov 22, 2016","1.7689","1.7799","1.7818","1.7637","-0.57%"
"Nov 21, 2016","1.7790","1.7612","1.7825","1.7537","1.07%"
"Nov 18, 2016","1.7602","1.7645","1.7731","1.7502","-0.23%"
"Nov 17, 2016","1.7642","1.7607","1.7711","1.7549","0.19%"
"Nov 16, 2016","1.7608","1.7601","1.7740","1.7579","0.01%"
"Nov 15, 2016","1.7606","1.7667","1.7711","1.7500","-0.38%"
"Nov 14, 2016","1.7674","1.7777","1.7810","1.7642","-0.71%"
"Nov 11, 2016","1.7801","1.7720","1.7866","1.7677","0.45%"
"Nov 10, 2016","1.7721","1.7358","1.7729","1.7332","2.09%"
"Nov 09, 2016","1.7358","1.7163","1.7469","1.7139","1.15%"
"Nov 08, 2016","1.7160","1.7234","1.7301","1.7142","-0.39%"
"Nov 07, 2016","1.7227","1.7318","1.7330","1.7210","-0.52%"
"Nov 04, 2016","1.7317","1.7248","1.7382","1.7232","0.43%"
"Nov 03, 2016","1.7243","1.7025","1.7320","1.7018","1.23%"
"Nov 02, 2016","1.7033","1.7002","1.7116","1.6987","0.19%"
"Nov 01, 2016","1.7000","1.7019","1.7068","1.6961","-0.19%"
"Oct 31, 2016","1.7032","1.6972","1.7052","1.6904","0.41%"
"Oct 28, 2016","1.6962","1.6966","1.7009","1.6887","-0.02%"
"Oct 27, 2016","1.6965","1.7037","1.7088","1.6957","-0.40%"
"Oct 26, 2016","1.7033","1.6940","1.7041","1.6881","0.56%"
"Oct 25, 2016","1.6938","1.7049","1.7055","1.6835","-0.67%"
"Oct 24, 2016","1.7052","1.7065","1.7065","1.6975","-0.04%"
"Oct 21, 2016","1.7058","1.7062","1.7083","1.6976","0.02%"
"Oct 20, 2016","1.7055","1.7033","1.7085","1.6970","0.09%"
"Oct 19, 2016","1.7040","1.7036","1.7102","1.6990","0.01%"
"Oct 18, 2016","1.7039","1.6924","1.7090","1.6907","0.66%"
"Oct 17, 2016","1.6927","1.6934","1.6961","1.6861","-0.10%"
"Oct 14, 2016","1.6944","1.6933","1.7012","1.6833","0.08%"
"Oct 13, 2016","1.6930","1.6893","1.6972","1.6824","0.24%"
"Oct 12, 2016","1.6890","1.6717","1.7006","1.6695","1.00%"
"Oct 11, 2016","1.6723","1.7003","1.7018","1.6674","-1.64%"
"Oct 10, 2016","1.7002","1.7094","1.7109","1.6978","-0.43%"
"Oct 07, 2016","1.7075","1.7315","1.7332","1.6231","-1.37%"
"Oct 06, 2016","1.7312","1.7459","1.7474","1.7289","-0.88%"
"Oct 05, 2016","1.7465","1.7449","1.7503","1.7392","0.09%"
"Oct 04, 2016","1.7450","1.7530","1.7587","1.7417","-0.47%"
"Oct 03, 2016","1.7532","1.7638","1.7687","1.7501","-0.87%"
"Sep 30, 2016","1.7685","1.7696","1.7752","1.7660","-0.06%"
"Sep 29, 2016","1.7695","1.7693","1.7778","1.7659","0.01%"
"Sep 28, 2016","1.7694","1.7704","1.7732","1.7665","-0.06%"
"Sep 27, 2016","1.7704","1.7657","1.7720","1.7582","0.26%"
"Sep 26, 2016","1.7658","1.7620","1.7686","1.7569","0.14%"
"Sep 23, 2016","1.7633","1.7736","1.7762","1.7553","-0.58%"
"Sep 22, 2016","1.7736","1.7638","1.7772","1.7611","0.60%"
"Sep 21, 2016","1.7630","1.7692","1.7718","1.7596","-0.34%"
"Sep 20, 2016","1.7690","1.7740","1.7799","1.7627","-0.30%"
"Sep 19, 2016","1.7743","1.7778","1.7843","1.7720","-0.25%"
"Sep 16, 2016","1.7788","1.8054","1.8061","1.7776","-1.45%"
"Sep 15, 2016","1.8050","1.8042","1.8123","1.7977","0.02%"
"Sep 14, 2016","1.8047","1.8025","1.8075","1.7941","0.09%"
"Sep 13, 2016","1.8031","1.8085","1.8141","1.7974","-0.33%"
"Sep 12, 2016","1.8090","1.8032","1.8120","1.8009","0.33%"
"Sep 09, 2016","1.8031","1.7972","1.8090","1.7960","0.32%"
"Sep 08, 2016","1.7973","1.7968","1.8010","1.7908","0.03%"
"Sep 07, 2016","1.7967","1.8098","1.8103","1.7945","-0.72%"
"Sep 06, 2016","1.8098","1.8050","1.8160","1.8042","0.25%"
"Sep 05, 2016","1.8052","1.8090","1.8168","1.8039","-0.15%"
"Sep 02, 2016","1.8080","1.8046","1.8141","1.7986","0.22%"
"Sep 01, 2016","1.8040","1.7905","1.8130","1.7878","0.77%"
"Aug 31, 2016","1.7903","1.7857","1.7940","1.7819","0.28%"
"Aug 30, 2016","1.7853","1.7824","1.7885","1.7784","0.19%"
"Aug 29, 2016","1.7820","1.7840","1.7878","1.7774","-0.18%"
"Aug 26, 2016","1.7853","1.7852","1.7910","1.7787","0.00%"
"Aug 25, 2016","1.7853","1.7929","1.7968","1.7821","-0.42%"
"Aug 24, 2016","1.7928","1.7833","1.7977","1.7807","0.51%"
"Aug 23, 2016","1.7837","1.7737","1.7852","1.7720","0.51%"
"Aug 22, 2016","1.7746","1.7585","1.7765","1.7568","0.77%"
"Aug 19, 2016","1.7611","1.7637","1.7696","1.7542","-0.14%"
"Aug 18, 2016","1.7636","1.7509","1.7666","1.7469","0.70%"
"Aug 17, 2016","1.7513","1.7488","1.7556","1.7444","0.17%"
"Aug 16, 2016","1.7483","1.7295","1.7486","1.7267","1.06%"
"Aug 15, 2016","1.7299","1.7382","1.7433","1.7268","-0.51%"
"Aug 12, 2016","1.7388","1.7409","1.7507","1.7370","-0.09%"
"Aug 11, 2016","1.7403","1.7463","1.7496","1.7385","-0.30%"
"Aug 10, 2016","1.7456","1.7477","1.7558","1.7411","-0.13%"
"Aug 09, 2016","1.7478","1.7565","1.7585","1.7447","-0.47%"
"Aug 08, 2016","1.7560","1.7625","1.7658","1.7544","-0.27%"
"Aug 05, 2016","1.7608","1.7591","1.7672","1.7525","0.10%"
"Aug 04, 2016","1.7590","1.7874","1.7920","1.7583","-1.61%"
"Aug 03, 2016","1.7877","1.7889","1.7948","1.7825","-0.06%"
"Aug 02, 2016","1.7888","1.7692","1.7908","1.7665","1.14%"
"Aug 01, 2016","1.7687","1.7753","1.7798","1.7642","-0.18%"
"Jul 29, 2016","1.7719","1.7828","1.7865","1.7701","-0.61%"
"Jul 28, 2016","1.7827","1.7896","1.7904","1.7743","-0.38%"
"Jul 27, 2016","1.7895","1.7837","1.7912","1.7744","0.31%"
"Jul 26, 2016","1.7840","1.7899","1.7912","1.7738","-0.35%"
"Jul 25, 2016","1.7902","1.7814","1.7927","1.7811","0.51%"
"Jul 22, 2016","1.7812","1.7937","1.8018","1.7738","-0.70%"
"Jul 21, 2016","1.7937","1.7915","1.8022","1.7838","0.09%"
"Jul 20, 2016","1.7920","1.7745","1.7955","1.7703","0.98%"
"Jul 19, 2016","1.7746","1.7869","1.7918","1.7691","-0.69%"
"Jul 18, 2016","1.7870","1.7785","1.7955","1.7745","0.51%"
"Jul 15, 2016","1.7780","1.7906","1.8111","1.7698","-0.72%"
"Jul 14, 2016","1.7909","1.7703","1.8131","1.7651","1.15%"
"Jul 13, 2016","1.7705","1.7837","1.7972","1.7685","-0.68%"
"Jul 12, 2016","1.7827","1.7552","1.7911","1.7517","1.52%"
"Jul 11, 2016","1.7560","1.7428","1.7579","1.7341","0.75%"
"Jul 08, 2016","1.7429","1.7424","1.7509","1.7382","0.01%"
"Jul 07, 2016","1.7427","1.7458","1.7598","1.7378","-0.18%"
"Jul 06, 2016","1.7458","1.7593","1.7614","1.7362","-0.78%"
"Jul 05, 2016","1.7595","1.7884","1.7894","1.7561","-1.62%"
"Jul 04, 2016","1.7885","1.7854","1.7942","1.7808","0.22%"
"Jul 01, 2016","1.7845","1.7930","1.7991","1.7812","-0.49%"
"Jun 30, 2016","1.7932","1.8104","1.8210","1.7829","-0.93%"
"Jun 29, 2016","1.8100","1.8056","1.8232","1.7975","0.22%"
"Jun 28, 2016","1.8060","1.8019","1.8172","1.7975","0.19%"
"Jun 27, 2016","1.8026","1.8306","1.8306","1.7876","-2.55%"
"Jun 24, 2016","1.8498","1.9888","2.0082","1.8015","-7.03%"
"Jun 23, 2016","1.9897","1.9683","1.9984","1.9668","1.10%"
"Jun 22, 2016","1.9680","1.9680","1.9758","1.9613","0.01%"
"Jun 21, 2016","1.9679","1.9740","1.9821","1.9623","-0.31%"
"Jun 20, 2016","1.9741","1.9354","1.9769","1.9354","1.91%"
"Jun 17, 2016","1.9371","1.9156","1.9406","1.9144","1.12%"
"Jun 16, 2016","1.9157","1.9218","1.9226","1.8976","-0.30%"
"Jun 15, 2016","1.9214","1.9125","1.9260","1.9097","0.44%"
"Jun 14, 2016","1.9129","1.9341","1.9344","1.9100","-1.09%"
"Jun 13, 2016","1.9340","1.9351","1.9405","1.9143","-0.28%"
"Jun 10, 2016","1.9394","1.9560","1.9618","1.9291","-0.87%"
"Jun 09, 2016","1.9564","1.9535","1.9635","1.9489","0.15%"
"Jun 08, 2016","1.9534","1.9648","1.9727","1.9521","-0.60%"
"Jun 07, 2016","1.9652","1.9580","1.9875","1.9569","0.38%"
"Jun 06, 2016","1.9578","1.9698","1.9712","1.9500","-0.64%"
"Jun 03, 2016","1.9704","1.9844","1.9926","1.9675","-0.71%"
"Jun 02, 2016","1.9845","1.9852","1.9930","1.9816","-0.03%"
"Jun 01, 2016","1.9850","1.9946","2.0001","1.9823","-0.49%"
"May 31, 2016","1.9947","2.0231","2.0320","1.9926","-1.38%"
"May 30, 2016","2.0226","2.0149","2.0235","2.0133","0.25%"
"May 27, 2016","2.0175","2.0156","2.0206","2.0097","0.11%"
"May 26, 2016","2.0152","2.0255","2.0314","2.0124","-0.51%"
"May 25, 2016","2.0255","2.0221","2.0314","2.0135","0.17%"
"May 24, 2016","2.0220","1.9958","2.0240","1.9937","1.32%"
"May 23, 2016","1.9956","2.0037","2.0083","1.9921","-0.39%"
"May 20, 2016","2.0034","2.0184","2.0185","2.0014","-0.73%"
"May 19, 2016","2.0181","2.0175","2.0225","2.0078","0.03%"
"May 18, 2016","2.0175","1.9806","2.0185","1.9786","1.86%"
"May 17, 2016","1.9807","1.9721","1.9868","1.9710","0.43%"
"May 16, 2016","1.9722","1.9711","1.9741","1.9621","0.06%"
"May 13, 2016","1.9710","1.9836","1.9880","1.9682","-0.65%"
"May 12, 2016","1.9838","1.9735","1.9913","1.9725","0.55%"
"May 11, 2016","1.9730","1.9768","1.9822","1.9722","-0.19%"
"May 10, 2016","1.9768","1.9765","1.9823","1.9729","0.03%"
"May 09, 2016","1.9763","1.9643","1.9773","1.9599","0.61%"
"May 06, 2016","1.9644","1.9687","1.9739","1.9616","-0.21%"
"May 05, 2016","1.9685","1.9689","1.9727","1.9629","0.01%"
"May 04, 2016","1.9684","1.9660","1.9722","1.9604","0.13%"
"May 03, 2016","1.9658","1.9667","1.9801","1.9632","-0.05%"
"May 02, 2016","1.9667","1.9635","1.9716","1.9601","0.12%"
"Apr 29, 2016","1.9644","1.9659","1.9727","1.9587","-0.05%"
"Apr 28, 2016","1.9654","1.9615","1.9685","1.9554","0.16%"
"Apr 27, 2016","1.9622","1.9714","1.9744","1.9574","-0.44%"
"Apr 26, 2016","1.9709","1.9581","1.9785","1.9567","0.66%"
"Apr 25, 2016","1.9580","1.9534","1.9638","1.9491","0.36%"
"Apr 22, 2016","1.9509","1.9328","1.9546","1.9307","0.94%"
"Apr 21, 2016","1.9327","1.9264","1.9413","1.9256","0.32%"
"Apr 20, 2016","1.9265","1.9232","1.9342","1.9225","0.16%"
"Apr 19, 2016","1.9234","1.9291","1.9330","1.9206","-0.28%"
"Apr 18, 2016","1.9288","1.9337","1.9345","1.9200","0.08%"
"Apr 15, 2016","1.9272","1.9297","1.9323","1.9221","-0.12%"
"Apr 14, 2016","1.9296","1.9186","1.9340","1.9144","0.58%"
"Apr 13, 2016","1.9184","1.9176","1.9260","1.9147","0.03%"
"Apr 12, 2016","1.9178","1.9141","1.9300","1.9112","0.18%"
"Apr 11, 2016","1.9143","1.9076","1.9196","1.8988","0.43%"
"Apr 08, 2016","1.9061","1.9015","1.9098","1.8962","0.24%"
"Apr 07, 2016","1.9015","1.9023","1.9092","1.8969","-0.04%"
"Apr 06, 2016","1.9022","1.9190","1.9200","1.8997","-0.88%"
"Apr 05, 2016","1.9191","1.9273","1.9362","1.9165","-0.45%"
"Apr 04, 2016","1.9277","1.9196","1.9341","1.9168","0.31%"
"Apr 01, 2016","1.9217","1.9373","1.9415","1.9131","-0.77%"
"Mar 31, 2016","1.9366","1.9420","1.9439","1.9268","-0.25%"
"Mar 30, 2016","1.9414","1.9471","1.9527","1.9398","-0.35%"
"Mar 29, 2016","1.9482","1.9535","1.9576","1.9458","-0.23%"
"Mar 28, 2016","1.9527","1.9374","1.9554","1.9360","0.61%"
"Mar 25, 2016","1.9408","1.9382","1.9420","1.9338","0.11%"
"Mar 24, 2016","1.9387","1.9281","1.9423","1.9252","0.49%"
"Mar 23, 2016","1.9293","1.9306","1.9409","1.9245","-0.13%"
"Mar 22, 2016","1.9319","1.9529","1.9630","1.9296","-1.13%"
"Mar 21, 2016","1.9540","1.9652","1.9689","1.9518","-0.67%"
"Mar 18, 2016","1.9671","1.9542","1.9706","1.9518","0.64%"
"Mar 17, 2016","1.9546","1.9449","1.9632","1.9360","0.44%"
"Mar 16, 2016","1.9460","1.9547","1.9614","1.9435","-0.52%"
"Mar 15, 2016","1.9561","1.9677","1.9716","1.9517","-0.63%"
"Mar 14, 2016","1.9685","1.9726","1.9799","1.9652","-0.26%"
"Mar 11, 2016","1.9737","1.9707","1.9804","1.9602","0.12%"
"Mar 10, 2016","1.9714","1.9637","1.9809","1.9546","0.34%"
"Mar 09, 2016","1.9647","1.9680","1.9711","1.9577","-0.20%"
"Mar 08, 2016","1.9687","1.9653","1.9746","1.9624","0.13%"
"Mar 07, 2016","1.9661","1.9558","1.9691","1.9523","0.52%"
"Mar 04, 2016","1.9560","1.9683","1.9707","1.9478","-0.66%"
"Mar 03, 2016","1.9690","1.9656","1.9724","1.9531","0.12%"
"Mar 02, 2016","1.9666","1.9524","1.9719","1.9507","0.67%"
"Mar 01, 2016","1.9536","1.9571","1.9643","1.9487","-0.20%"
"Feb 29, 2016","1.9575","1.9519","1.9621","1.9447","0.28%"
"Feb 26, 2016","1.9520","1.9568","1.9668","1.9479","-0.30%"
"Feb 25, 2016","1.9578","1.9562","1.9624","1.9496","0.02%"
"Feb 24, 2016","1.9574","1.9730","1.9765","1.9503","-0.82%"
"Feb 23, 2016","1.9735","1.9793","1.9895","1.9678","-0.33%"
"Feb 22, 2016","1.9801","2.0238","2.0246","1.9716","-2.20%"
"Feb 19, 2016","2.0246","2.0104","2.0248","2.0048","0.68%"
"Feb 18, 2016","2.0109","2.0057","2.0202","2.0024","0.23%"
"Feb 17, 2016","2.0063","2.0096","2.0186","2.0014","-0.16%"
"Feb 16, 2016","2.0096","2.0199","2.0345","2.0049","-0.54%"
"Feb 15, 2016","2.0206","2.0255","2.0383","2.0173","-0.37%"
"Feb 12, 2016","2.0282","2.0113","2.0311","2.0079","0.82%"
"Feb 11, 2016","2.0118","2.0202","2.0243","1.9999","-0.45%"
"Feb 10, 2016","2.0209","2.0207","2.0290","2.0118","-0.03%"
"Feb 09, 2016","2.0216","2.0254","2.0332","2.0103","-0.25%"
"Feb 08, 2016","2.0267","2.0387","2.0441","2.0197","-0.68%"
"Feb 05, 2016","2.0405","2.0382","2.0452","2.0241","0.08%"
"Feb 04, 2016","2.0388","2.0639","2.0678","2.0320","-1.25%"
"Feb 03, 2016","2.0646","2.0569","2.0808","2.0556","0.33%"
"Feb 02, 2016","2.0578","2.0530","2.0623","2.0427","0.22%"
"Feb 01, 2016","2.0533","2.0286","2.0569","2.0252","1.19%"
"Jan 29, 2016","2.0291","2.0495","2.0528","2.0145","-1.06%"
"Jan 28, 2016","2.0509","2.0373","2.0564","2.0315","0.60%"
"Jan 27, 2016","2.0386","2.0466","2.0492","2.0325","-0.44%"
"Jan 26, 2016","2.0476","2.0370","2.0488","2.0255","0.48%"
"Jan 25, 2016","2.0378","2.0396","2.0446","2.0310","-0.09%"
"Jan 22, 2016","2.0397","2.0360","2.0511","2.0318","0.14%"
"Jan 21, 2016","2.0368","2.0395","2.0434","2.0243","-0.17%"
"Jan 20, 2016","2.0403","2.0338","2.0478","2.0308","0.30%"
"Jan 19, 2016","2.0342","2.0490","2.0578","2.0293","-0.77%"
"Jan 18, 2016","2.0499","2.0533","2.0610","2.0473","-0.19%"
"Jan 15, 2016","2.0539","2.0706","2.0766","2.0510","-0.83%"
"Jan 14, 2016","2.0711","2.0686","2.0781","2.0674","0.06%"
"Jan 13, 2016","2.0698","2.0763","2.0778","2.0608","-0.38%"
"Jan 12, 2016","2.0777","2.0847","2.0953","2.0625","-0.40%"
"Jan 11, 2016","2.0860","2.0944","2.1005","2.0826","-0.42%"
"Jan 08, 2016","2.0948","2.0943","2.1037","2.0854","-0.04%"
"Jan 07, 2016","2.0956","2.1004","2.1123","2.0813","-0.24%"
"Jan 06, 2016","2.1006","2.0905","2.1048","2.0883","0.42%"
"Jan 05, 2016","2.0918","2.0944","2.1004","2.0884","-0.21%"
"Jan 04, 2016","2.0962","2.0897","2.1086","2.0848","0.24%"
"Jan 01, 2016","2.0912","2.0885","2.0969","2.0874","0.08%"
"Dec 31, 2015","2.0896","2.0944","2.1013","2.0855","-0.29%"
"Dec 30, 2015","2.0957","2.0921","2.1038","2.0881","0.14%"
"Dec 29, 2015","2.0927","2.0923","2.1041","2.0876","-0.00%"
"Dec 28, 2015","2.0928","2.0949","2.1012","2.0919","-0.25%"
"Dec 25, 2015","2.0981","2.0954","2.0994","2.0902","0.10%"
"Dec 24, 2015","2.0961","2.0878","2.1013","2.0865","0.34%"
"Dec 23, 2015","2.0889","2.0813","2.0986","2.0792","0.34%"
"Dec 22, 2015","2.0818","2.0945","2.0978","2.0771","-0.69%"
"Dec 21, 2015","2.0963","2.1036","2.1090","2.0930","-0.38%"
"Dec 18, 2015","2.1043","2.1128","2.1185","2.1012","-0.44%"
"Dec 17, 2015","2.1137","2.1101","2.1193","2.1055","0.12%"
"Dec 16, 2015","2.1111","2.1138","2.1232","2.1045","-0.19%"
"Dec 15, 2015","2.1152","2.1331","2.1414","2.1101","-0.86%"
"Dec 14, 2015","2.1335","2.1502","2.1518","2.1272","-0.78%"
"Dec 11, 2015","2.1502","2.1271","2.1545","2.1242","1.05%"
"Dec 10, 2015","2.1279","2.1307","2.1340","2.1172","-0.21%"
"Dec 09, 2015","2.1324","2.1134","2.1370","2.1061","0.85%"
"Dec 08, 2015","2.1144","2.1166","2.1213","2.1091","-0.11%"
"Dec 07, 2015","2.1168","2.1110","2.1206","2.1086","0.22%"
"Dec 04, 2015","2.1121","2.1109","2.1164","2.1027","0.01%"
"Dec 03, 2015","2.1119","2.1104","2.1141","2.1015","0.05%"
"Dec 02, 2015","2.1109","2.1192","2.1246","2.1039","-0.44%"
"Dec 01, 2015","2.1203","2.1229","2.1332","2.1176","-0.18%"
"Nov 30, 2015","2.1241","2.1250","2.1283","2.1163","-0.07%"
"Nov 27, 2015","2.1256","2.1255","2.1303","2.1197","-0.07%"
"Nov 26, 2015","2.1271","2.1252","2.1301","2.1191","0.07%"
"Nov 25, 2015","2.1256","2.1257","2.1286","2.1148","-0.11%"
"Nov 24, 2015","2.1280","2.1428","2.1459","2.1240","-0.72%"
"Nov 23, 2015","2.1435","2.1450","2.1534","2.1401","-0.14%"
"Nov 20, 2015","2.1465","2.1600","2.1633","2.1442","-0.65%"
"Nov 19, 2015","2.1606","2.1649","2.1699","2.1566","-0.23%"
"Nov 18, 2015","2.1656","2.1652","2.1717","2.1611","-0.05%"
"Nov 17, 2015","2.1667","2.1614","2.1682","2.1567","0.21%"
"Nov 16, 2015","2.1622","2.1680","2.1712","2.1574","-0.33%"
"Nov 13, 2015","2.1694","2.1607","2.1700","2.1558","0.39%"
"Nov 12, 2015","2.1609","2.1591","2.1626","2.1520","0.04%"
"Nov 11, 2015","2.1601","2.1489","2.1641","2.1456","0.48%"
"Nov 10, 2015","2.1498","2.1495","2.1541","2.1444","-0.06%"
"Nov 09, 2015","2.1510","2.1392","2.1548","2.1363","0.57%"
"Nov 06, 2015","2.1388","2.1384","2.1443","2.1202","-0.03%"
"Nov 05, 2015","2.1395","2.1584","2.1677","2.1373","-0.92%"
"Nov 04, 2015","2.1593","2.1514","2.1625","2.1470","0.29%"
"Nov 03, 2015","2.1530","2.1529","2.1602","2.1501","-0.04%"
"Nov 02, 2015","2.1539","2.1613","2.1748","2.1506","-0.35%"
"Oct 30, 2015","2.1614","2.1485","2.1675","2.1426","0.56%"
"Oct 29, 2015","2.1494","2.1399","2.1527","2.1369","0.42%"
"Oct 28, 2015","2.1405","2.1361","2.1439","2.1240","0.16%"
"Oct 27, 2015","2.1370","2.1368","2.1410","2.1310","-0.01%"
"Oct 26, 2015","2.1373","2.1412","2.1444","2.1333","-0.15%"
"Oct 23, 2015","2.1406","2.1455","2.1481","2.1309","-0.28%"
"Oct 22, 2015","2.1466","2.1493","2.1593","2.1421","-0.18%"
"Oct 21, 2015","2.1505","2.1468","2.1575","2.1432","0.14%"
"Oct 20, 2015","2.1475","2.1463","2.1552","2.1445","0.02%"
"Oct 19, 2015","2.1471","2.1359","2.1490","2.1323","0.53%"
"Oct 16, 2015","2.1358","2.1279","2.1432","2.1254","0.31%"
"Oct 15, 2015","2.1293","2.1328","2.1383","2.1233","-0.21%"
"Oct 14, 2015","2.1338","2.1367","2.1421","2.1165","-0.20%"
"Oct 13, 2015","2.1381","2.1466","2.1547","2.1274","-0.41%"
"Oct 12, 2015","2.1468","2.1355","2.1512","2.1336","0.52%"
"Oct 09, 2015","2.1358","2.1550","2.1583","2.1313","-0.93%"
"Oct 08, 2015","2.1559","2.1625","2.1733","2.1528","-0.35%"
"Oct 07, 2015","2.1635","2.1592","2.1741","2.1518","0.15%"
"Oct 06, 2015","2.1603","2.1509","2.1679","2.1482","0.40%"
"Oct 05, 2015","2.1517","2.1740","2.1806","2.1478","-1.08%"
"Oct 02, 2015","2.1751","2.1641","2.1842","2.1620","0.48%"
"Oct 01, 2015","2.1647","2.1511","2.1684","2.1485","0.58%"
"Sep 30, 2015","2.1522","2.1625","2.1665","2.1478","-0.53%"
"Sep 29, 2015","2.1636","2.1660","2.1748","2.1593","-0.17%"
"Sep 28, 2015","2.1672","2.1633","2.1783","2.1626","0.15%"
"Sep 25, 2015","2.1639","2.1665","2.1734","2.1536","-0.15%"
"Sep 24, 2015","2.1671","2.1725","2.1827","2.1649","-0.31%"
"Sep 23, 2015","2.1738","2.1750","2.1871","2.1685","-0.13%"
"Sep 22, 2015","2.1766","2.1842","2.1960","2.1747","-0.42%"
"Sep 21, 2015","2.1858","2.1738","2.1929","2.1705","0.54%"
"Sep 18, 2015","2.1741","2.1786","2.1830","2.1679","-0.27%"
"Sep 17, 2015","2.1799","2.1624","2.1817","2.1621","0.73%"
"Sep 16, 2015","2.1640","2.1494","2.1714","2.1426","0.63%"
"Sep 15, 2015","2.1505","2.1691","2.1713","2.1483","-0.90%"
"Sep 14, 2015","2.1701","2.1770","2.1832","2.1612","-0.41%"
"Sep 11, 2015","2.1791","2.1820","2.1880","2.1729","-0.18%"
"Sep 10, 2015","2.1830","2.1760","2.1885","2.1726","0.28%"
"Sep 09, 2015","2.1768","2.1825","2.1837","2.1682","-0.27%"
"Sep 08, 2015","2.1827","2.1787","2.1938","2.1776","0.11%"
"Sep 07, 2015","2.1803","2.1587","2.1843","2.1582","0.88%"
"Sep 04, 2015","2.1612","2.1597","2.1658","2.1521","0.02%"
"Sep 03, 2015","2.1608","2.1639","2.1717","2.1515","-0.21%"
"Sep 02, 2015","2.1654","2.1609","2.1707","2.1566","0.17%"
"Sep 01, 2015","2.1618","2.1648","2.1721","2.1554","-0.18%"
"Aug 31, 2015","2.1658","2.1686","2.1831","2.1609","-0.13%"
"Aug 28, 2015","2.1686","2.1534","2.1702","2.1525","0.66%"
"Aug 27, 2015","2.1544","2.1737","2.1780","2.1511","-0.92%"
"Aug 26, 2015","2.1745","2.2036","2.2104","2.1710","-1.37%"
"Aug 25, 2015","2.2048","2.2240","2.2267","2.1956","-0.91%"
"Aug 24, 2015","2.2251","2.2103","2.2322","2.2057","0.66%"
"Aug 21, 2015","2.2105","2.1990","2.2152","2.1971","0.47%"
"Aug 20, 2015","2.2001","2.1996","2.2054","2.1922","0.00%"
"Aug 19, 2015","2.2001","2.1965","2.2033","2.1890","0.10%"
"Aug 18, 2015","2.1980","2.1929","2.2078","2.1878","0.18%"
"Aug 17, 2015","2.1940","2.1993","2.2107","2.1905","-0.29%"
"Aug 14, 2015","2.2004","2.1792","2.2029","2.1788","0.92%"
"Aug 13, 2015","2.1804","2.1826","2.1930","2.1685","-0.17%"
"Aug 12, 2015","2.1841","2.1814","2.2073","2.1801","0.09%"
"Aug 11, 2015","2.1822","2.1532","2.1897","2.1499","1.28%"
"Aug 10, 2015","2.1547","2.1447","2.1578","2.1412","0.41%"
"Aug 07, 2015","2.1460","2.1457","2.1527","2.1381","-0.02%"
"Aug 06, 2015","2.1464","2.1586","2.1695","2.1428","-0.61%"
"Aug 05, 2015","2.1595","2.1485","2.1671","2.1471","0.47%"
"Aug 04, 2015","2.1493","2.1462","2.1545","2.1428","0.10%"
"Aug 03, 2015","2.1471","2.1421","2.1548","2.1405","0.16%"
"Jul 31, 2015","2.1437","2.1442","2.1475","2.1330","-0.08%"
"Jul 30, 2015","2.1454","2.1345","2.1504","2.1333","0.44%"
"Jul 29, 2015","2.1360","2.1272","2.1436","2.1253","0.35%"
"Jul 28, 2015","2.1285","2.1282","2.1353","2.1218","-0.04%"
"Jul 27, 2015","2.1294","2.1269","2.1341","2.1211","0.05%"
"Jul 24, 2015","2.1283","2.1231","2.1322","2.1196","0.23%"
"Jul 23, 2015","2.1235","2.1315","2.1418","2.1192","-0.41%"
"Jul 22, 2015","2.1323","2.1214","2.1383","2.1191","0.49%"
"Jul 21, 2015","2.1220","2.1320","2.1364","2.1182","-0.54%"
"Jul 20, 2015","2.1336","2.1338","2.1425","2.1314","-0.06%"
"Jul 17, 2015","2.1348","2.1329","2.1419","2.1258","0.06%"
"Jul 16, 2015","2.1336","2.1346","2.1400","2.1247","-0.08%"
"Jul 15, 2015","2.1353","2.1269","2.1391","2.1241","0.33%"
"Jul 14, 2015","2.1282","2.0999","2.1307","2.0989","1.28%"
"Jul 13, 2015","2.1012","2.0910","2.1122","2.0910","0.18%"
"Jul 10, 2015","2.0975","2.0765","2.0991","2.0711","1.04%"
"Jul 09, 2015","2.0760","2.0722","2.0846","2.0711","0.14%"
"Jul 08, 2015","2.0731","2.0922","2.0978","2.0693","-0.97%"
"Jul 07, 2015","2.0934","2.1026","2.1117","2.0908","-0.52%"
"Jul 06, 2015","2.1043","2.0895","2.1094","2.0892","0.42%"
"Jul 03, 2015","2.0955","2.1035","2.1106","2.0918","-0.40%"
"Jul 02, 2015","2.1040","2.1117","2.1132","2.1017","-0.44%"
"Jul 01, 2015","2.1133","2.1160","2.1205","2.1061","-0.16%"
"Jun 30, 2015","2.1166","2.1179","2.1244","2.1097","-0.09%"
"Jun 29, 2015","2.1185","2.1292","2.1311","2.1138","-0.36%"
"Jun 26, 2015","2.1261","2.1152","2.1261","2.1116","0.45%"
"Jun 25, 2015","2.1166","2.1082","2.1181","2.1041","0.33%"
"Jun 24, 2015","2.1096","2.1088","2.1239","2.1055","0.02%"
"Jun 23, 2015","2.1092","2.1126","2.1168","2.1052","-0.20%"
"Jun 22, 2015","2.1134","2.1159","2.1206","2.1071","-0.31%"
"Jun 19, 2015","2.1200","2.1181","2.1242","2.1145","0.06%"
"Jun 18, 2015","2.1188","2.1135","2.1205","2.1068","0.19%"
"Jun 17, 2015","2.1147","2.0994","2.1250","2.0982","0.68%"
"Jun 16, 2015","2.1004","2.0992","2.1055","2.0906","0.01%"
"Jun 15, 2015","2.1002","2.0898","2.1023","2.0844","0.45%"
"Jun 12, 2015","2.0908","2.0856","2.0950","2.0836","0.20%"
"Jun 11, 2015","2.0867","2.0821","2.0914","2.0775","0.15%"
"Jun 10, 2015","2.0835","2.0788","2.0873","2.0710","0.19%"
"Jun 09, 2015","2.0795","2.0761","2.0806","2.0629","0.11%"
"Jun 08, 2015","2.0772","2.0732","2.0814","2.0685","0.17%"
"Jun 05, 2015","2.0736","2.0685","2.0751","2.0494","0.17%"
"Jun 04, 2015","2.0701","2.0590","2.0766","2.0563","0.49%"
"Jun 03, 2015","2.0601","2.0692","2.0705","2.0541","-0.46%"
"Jun 02, 2015","2.0697","2.0610","2.0709","2.0571","0.38%"
"Jun 01, 2015","2.0618","2.0587","2.0667","2.0533","0.05%"
"May 29, 2015","2.0607","2.0640","2.0680","2.0533","-0.22%"
"May 28, 2015","2.0652","2.0739","2.0766","2.0601","-0.44%"
"May 27, 2015","2.0743","2.0764","2.0826","2.0684","-0.13%"
"May 26, 2015","2.0770","2.0748","2.0827","2.0696","0.01%"
"May 25, 2015","2.0768","2.0677","2.0827","2.0658","0.33%"
"May 22, 2015","2.0700","2.0926","2.0938","2.0656","-1.11%"
"May 21, 2015","2.0933","2.0762","2.0981","2.0732","0.77%"
"May 20, 2015","2.0774","2.0713","2.0844","2.0685","0.24%"
"May 19, 2015","2.0724","2.0790","2.0832","2.0588","-0.36%"
"May 18, 2015","2.0799","2.0750","2.0817","2.0679","0.17%"
"May 15, 2015","2.0764","2.0815","2.0899","2.0735","-0.30%"
"May 14, 2015","2.0827","2.0849","2.0884","2.0735","-0.16%"
"May 13, 2015","2.0861","2.0899","2.0976","2.0766","-0.26%"
"May 12, 2015","2.0916","2.0839","2.0982","2.0773","0.35%"
"May 11, 2015","2.0843","2.0502","2.0863","2.0490","1.49%"
"May 08, 2015","2.0537","2.0300","2.0681","2.0299","1.11%"
"May 07, 2015","2.0311","2.0168","2.0363","2.0153","0.66%"
"May 06, 2015","2.0177","2.0212","2.0252","2.0103","-0.24%"
"May 05, 2015","2.0226","2.0122","2.0287","2.0116","0.45%"
"May 04, 2015","2.0136","2.0141","2.0211","2.0099","-0.01%"
"May 01, 2015","2.0138","2.0313","2.0378","2.0094","-0.89%"
"Apr 30, 2015","2.0318","2.0383","2.0504","2.0284","-0.37%"
"Apr 29, 2015","2.0393","2.0200","2.0419","2.0181","0.93%"
"Apr 28, 2015","2.0206","2.0230","2.0270","2.0144","-0.17%"
"Apr 27, 2015","2.0240","2.0225","2.0267","2.0133","0.04%"
"Apr 24, 2015","2.0232","2.0186","2.0266","2.0129","0.15%"
"Apr 23, 2015","2.0202","2.0260","2.0280","2.0138","-0.32%"
"Apr 22, 2015","2.0267","2.0160","2.0294","2.0104","0.48%"
"Apr 21, 2015","2.0171","2.0085","2.0225","2.0057","0.36%"
"Apr 20, 2015","2.0098","2.0139","2.0158","2.0062","-0.18%"
"Apr 17, 2015","2.0135","2.0152","2.0225","2.0072","-0.12%"
"Apr 16, 2015","2.0160","2.0122","2.0217","2.0056","0.09%"
"Apr 15, 2015","2.0141","2.0089","2.0164","1.9998","0.19%"
"Apr 14, 2015","2.0103","2.0110","2.0150","1.9894","-0.13%"
"Apr 13, 2015","2.0130","2.0017","2.0170","1.9934","0.56%"
"Apr 10, 2015","2.0018","1.9985","2.0048","1.9898","0.09%"
"Apr 09, 2015","2.0000","2.0163","2.0213","1.9956","-0.84%"
"Apr 08, 2015","2.0170","2.0131","2.0273","2.0116","0.12%"
"Apr 07, 2015","2.0145","2.0132","2.0252","2.0121","0.02%"
"Apr 06, 2015","2.0140","2.0136","2.0233","2.0095","-0.02%"
"Apr 03, 2015","2.0145","2.0115","2.0244","2.0064","0.08%"
"Apr 02, 2015","2.0128","2.0194","2.0239","2.0078","-0.40%"
"Apr 01, 2015","2.0208","2.0320","2.0377","2.0151","-0.61%"
"Mar 31, 2015","2.0332","2.0375","2.0406","2.0274","-0.27%"
"Mar 30, 2015","2.0387","2.0364","2.0436","2.0272","0.06%"
"Mar 27, 2015","2.0375","2.0339","2.0440","2.0287","0.12%"
"Mar 26, 2015","2.0350","2.0392","2.0452","2.0249","-0.25%"
"Mar 25, 2015","2.0401","2.0285","2.0447","2.0262","0.53%"
"Mar 24, 2015","2.0294","2.0401","2.0469","2.0259","-0.56%"
"Mar 23, 2015","2.0408","2.0588","2.0688","2.0353","-1.00%"
"Mar 20, 2015","2.0615","2.0457","2.0677","2.0431","0.72%"
"Mar 19, 2015","2.0467","2.0610","2.0665","2.0390","-0.74%"
"Mar 18, 2015","2.0619","2.0465","2.0852","2.0350","0.71%"
"Mar 17, 2015","2.0473","2.0611","2.0629","2.0445","-0.71%"
"Mar 16, 2015","2.0620","2.0519","2.0629","2.0490","0.41%"
"Mar 13, 2015","2.0535","2.0551","2.0655","2.0435","-0.12%"
"Mar 12, 2015","2.0560","2.0726","2.0747","2.0496","-0.86%"
"Mar 11, 2015","2.0738","2.0942","2.0965","2.0666","-1.04%"
"Mar 10, 2015","2.0957","2.0883","2.0974","2.0832","0.33%"
"Mar 09, 2015","2.0888","2.0709","2.0894","2.0688","0.84%"
"Mar 06, 2015","2.0715","2.0888","2.0923","2.0699","-0.87%"
"Mar 05, 2015","2.0896","2.0869","2.0909","2.0825","0.09%"
"Mar 04, 2015","2.0878","2.0930","2.0998","2.0843","-0.27%"
"Mar 03, 2015","2.0934","2.0966","2.0990","2.0903","-0.21%"
"Mar 02, 2015","2.0978","2.1032","2.1053","2.0936","-0.26%"
"Feb 27, 2015","2.1033","2.0911","2.1048","2.0873","0.52%"
"Feb 26, 2015","2.0925","2.1005","2.1075","2.0867","-0.43%"
"Feb 25, 2015","2.1015","2.0973","2.1053","2.0953","0.19%"
"Feb 24, 2015","2.0976","2.1005","2.1049","2.0953","-0.18%"
"Feb 23, 2015","2.1014","2.0931","2.1025","2.0879","0.30%"
"Feb 20, 2015","2.0951","2.0922","2.1008","2.0848","0.09%"
"Feb 19, 2015","2.0932","2.0918","2.1003","2.0906","0.03%"
"Feb 18, 2015","2.0926","2.0811","2.1030","2.0785","0.53%"
"Feb 17, 2015","2.0815","2.0842","2.0876","2.0771","-0.15%"
"Feb 16, 2015","2.0846","2.0840","2.0944","2.0789","-0.11%"
"Feb 13, 2015","2.0869","2.0858","2.0911","2.0814","0.00%"
"Feb 12, 2015","2.0869","2.0722","2.0908","2.0674","0.63%"
"Feb 11, 2015","2.0738","2.0653","2.0827","2.0649","0.35%"
"Feb 10, 2015","2.0666","2.0588","2.0704","2.0571","0.34%"
"Feb 09, 2015","2.0595","2.0633","2.0678","2.0557","-0.16%"
"Feb 06, 2015","2.0627","2.0605","2.0650","2.0528","0.07%"
"Feb 05, 2015","2.0613","2.0457","2.0636","2.0440","0.68%"
"Feb 04, 2015","2.0473","2.0413","2.0540","2.0350","0.25%"
"Feb 03, 2015","2.0421","2.0325","2.0444","2.0276","0.44%"
"Feb 02, 2015","2.0332","2.0418","2.0459","2.0278","-0.31%"
"Jan 30, 2015","2.0395","2.0390","2.0435","2.0277","-0.01%"
"Jan 29, 2015","2.0398","2.0469","2.0518","2.0318","-0.40%"
"Jan 28, 2015","2.0480","2.0337","2.0597","2.0309","0.65%"
"Jan 27, 2015","2.0347","2.0272","2.0381","2.0202","0.33%"
"Jan 26, 2015","2.0281","2.0150","2.0305","2.0119","0.61%"
"Jan 23, 2015","2.0158","2.0093","2.0219","2.0022","0.27%"
"Jan 22, 2015","2.0103","2.0216","2.0269","2.0057","-0.61%"
"Jan 21, 2015","2.0226","2.0242","2.0298","2.0093","-0.11%"
"Jan 20, 2015","2.0248","2.0151","2.0347","2.0104","0.46%"
"Jan 19, 2015","2.0156","2.0111","2.0244","2.0047","0.33%"
"Jan 16, 2015","2.0089","2.0131","2.0205","2.0021","-0.29%"
"Jan 15, 2015","2.0147","2.0318","2.0349","2.0106","-0.87%"
"Jan 14, 2015","2.0324","2.0213","2.0357","2.0198","0.54%"
"Jan 13, 2015","2.0214","2.0238","2.0278","2.0136","-0.15%"
"Jan 12, 2015","2.0245","2.0243","2.0269","2.0139","0.14%"
"Jan 09, 2015","2.0217","2.0158","2.0291","2.0142","0.23%"
"Jan 08, 2015","2.0170","2.0219","2.0244","2.0094","-0.27%"
"Jan 07, 2015","2.0224","2.0190","2.0267","2.0148","0.11%"
"Jan 06, 2015","2.0201","2.0355","2.0382","2.0170","-0.79%"
"Jan 05, 2015","2.0362","2.0402","2.0447","2.0244","-0.21%"
"Jan 02, 2015","2.0405","2.0569","2.0671","2.0379","-0.90%"
"Jan 01, 2015","2.0590","2.0643","2.0658","2.0566","-0.28%"